TEA,SLN,AreaSqMi,totalpopE,popunisE,popinsE,priE,pub,bphighE,casthmaE,checkupE,SUM_mhlthE,obseityE,phlthE,sleepE,strokeE,POP,SCHOOLNAME,STD_hel_le,MEAN_hel_l,pharm,clinicct,groc,avgfruits,avgveg
47,47,12.5663706144,52917,6792,46122,38153,13577,15577.8503414,4003.27802891,33302.9179006,5514.33766471,13734.0856457,5304.34025552,14386.9046022,1376.55506359,52914.366362,Franklin International Exploratory Academy Middle School,3.46569741257,69.6333745949,51,8,12,240.662309925,239.537071587
69,69,12.5663706144,21971,6636,15332,7321,8421,7231.29059401,2268.00650763,14443.9797728,4161.51197954,8711.51296818,3707.39584695,8362.89362073,721.6517924,25553.6259167,Seagoville Middle School,2.25061780136,58.5292709153,2,1,1,168.928730565,177.320896788
354,354,12.5663706144,17782,3327,14452,7337,7749,8438.80163427,2057.22801626,13251.1019989,2869.56575551,7766.58057913,2991.67421408,7232.27696148,1030.24789814,17575.513505,Kennedy-Curry Middle School,2.51475429997,72.6215628371,3,1,1,153.154372532,163.12852196
62,62,12.5663706144,45641,10880,34740,19901,15865,17146.3436303,4648.72783058,30664.2846318,7296.57954888,17863.6790351,7055.4600822,17137.6148916,2042.29599464,45235.4924003,Dade Middle School,4.22901991537,48.656543509,30,15,7,158.821009076,167.656490616
76,76,12.5663706144,64955,15660,49303,31481,21041,27523.9840808,7798.74175232,52239.6392641,12555.3346138,28974.5640811,11905.5444121,28424.2677114,2888.03999119,77627.9261727,Lang Sr. Middle School,1.59599047992,77.2372448024,13,2,3,186.43927473,193.316156422
353,353,12.5663706144,56969,15930,41033,22472,20306,20230.58445,5813.54511836,37740.0740534,9822.35153336,22608.3287083,9206.87165897,21677.151789,2143.7379831,56767.7695203,Richards STEAM Academy Middle School,2.40662701596,75.7514036022,9,1,4,171.833544209,180.509955823
53,53,12.5663706144,68031,14504,53515,38678,16886,19284.6325203,5899.55637691,43100.7457797,9431.45926193,22088.8760285,8354.76593592,22188.4847529,1779.81692718,67850.3644662,Long Middle School,3.67033000091,67.1616372356,13,5,10,194.384795584,204.275930115
55,55,12.5663706144,49743,8499,41240,34067,10270,11877.6628184,3439.27861046,27357.282378,5261.95571063,13135.4985092,4564.485369,13740.1753782,990.674973319,49695.3486347,Rusk Middle School,2.43848204313,47.2691062857,52,14,10,207.774839673,214.614648679
79,79,12.5663706144,55723,22795,32923,20133,14241,15878.6138312,4858.18878867,33823.0583733,9201.45476591,19866.2676642,8262.17315726,19369.1679354,1441.24981787,55575.8457096,Medrano Middle School,2.81027380585,65.2336990644,10,2,5,194.809819368,197.958439294
77,77,12.5663706144,52766,13547,39206,22512,18046,18695.0905709,4998.93705601,34715.3405037,8329.11382522,20241.2608283,8195.11672922,19230.5307114,2075.20617766,52547.2657854,Garcia Middle School,2.64869682233,60.5064611456,11,5,7,166.491923367,174.145003793
68,68,12.5663706144,53583,15098,38466,22833,17162,17659.4874893,4871.15902669,34334.82275,8591.11027301,19914.7214028,8416.59529873,18826.239156,1844.9594305,53438.4457837,Quintanilla Sr. Middle School,2.82430333966,74.4079176849,13,7,7,167.878078745,174.245916852
59,59,12.5663706144,88654,25024,63610,36814,29264,28748.8817568,8133.60212445,56309.0395112,14608.366752,33248.5788342,14247.3834904,31361.09717,2971.98935107,88395.1341883,Stockard Middle School,2.27239508499,77.9330049383,12,2,10,174.299764978,183.614898587
48,48,12.5663706144,63678,14575,49110,33900,18728,26936.7314392,7625.16949448,52881.9379732,12245.7451567,28190.8745675,11630.5245891,27678.1045305,2751.33160202,79447.8457336,Gaston Middle School,2.2575788196,78.1141531693,12,1,7,196.19679553,204.437660032
50,50,12.5663706144,52307,9618,42685,33360,13152,16431.9754679,4521.19347452,34906.9883867,6648.03243215,16025.1781628,6278.7124083,16324.8100161,1511.54002054,52256.9749754,Hill Middle School,1.93438968509,75.9321542581,12,0,5,212.900030695,217.187702453
72,72,12.5663706144,41846,10170,31671,12196,20566,20753.1256718,5098.36122675,31055.3642962,7693.49910098,19501.8340281,8298.0440927,17711.6171768,2886.65190385,41610.5943266,Zumwalt Middle School,1.80438182449,70.2402788372,8,1,4,132.231715586,135.980794144
43,43,12.5663706144,49901,12983,36898,21437,17228,18136.0407388,5001.92652983,33381.5134105,8086.68264493,19375.1234749,7868.03109829,18426.1788023,1967.0926481,49752.1421209,Browne Middle School,1.84813852136,63.5587202601,10,2,4,170.681380518,177.76221696
100,100,12.5663706144,75974,20256,55693,32167,25871,25853.3016758,7230.37639625,49246.2445897,12587.8863541,29050.6863644,12318.8641604,27380.4637047,2745.50950033,75789.4519932,Holmes Jr. Middle School,2.01491168137,72.3502015026,11,2,7,173.165757253,181.652128246
284,284,12.5663706144,51506,12121,39377,27715,14816,16459.2647299,4660.31898353,33885.0134696,7404.81538043,17008.1753898,6919.45551036,17181.2999604,1606.20726734,51458.338708,Highland Meadows Elementary School,1.69946078009,66.0925914344,8,1,3,194.283128778,195.533034342
280,280,12.5663706144,67375,14755,52605,42972,13424,16085.005764,5005.48513901,38632.2254186,7257.36020083,17495.8682648,5970.28491254,18942.9618803,1308.36066652,67385.2971086,Frank Elementary School,1.98664220552,65.9004317046,14,2,4,233.92556246,237.01630642
169,169,12.5663706144,46588,6065,40523,34166,11495,15315.7548796,3805.16071601,32522.5925773,4896.87551354,12955.4094134,4863.5407431,13636.620031,1357.02448635,46604.0231284,Kramer Elementary School,3.78251724078,73.4321884145,43,2,7,238.112931661,237.101352144
167,167,12.5663706144,22901,7031,15868,7897,8359,6087.98212216,1953.44900693,12304.1968678,3541.57323638,7410.51886536,3087.49795311,7182.22070836,600.978760161,23397.256129,Kleberg Elementary School,2.1352488812,60.693313002,2,1,1,166.874848789,173.915853413
187,187,12.5663706144,21324,7193,14129,6650,7667,6703.60727538,2019.88940305,12682.7135988,3752.35304867,8023.82476132,3486.72001936,7520.51644258,713.282353578,21294.6220191,Moseley Elementary School,1.57575798105,75.2612597109,0,0,0,161.367835648,168.116865703
305,305,12.5663706144,11550,3540,8007,3899,4285,3838.21015126,1146.81178403,7233.82383774,2125.84598727,4537.16020618,1995.90075011,4261.199334,406.772280126,11528.9728806,Halliday Elementary School,1.45912333979,76.4662107734,0,0,0,162.859278641,170.451736729
142,142,12.5663706144,24433,5341,19086,8074,11674,11986.06074,2982.70430799,18302.8880705,4352.67265804,11233.6300552,4541.01031542,10339.9827475,1583.79922408,24223.7803843,Ervin Elementary School,2.0167593378,70.5740454674,6,0,3,135.07646201,138.952318258
301,301,12.5663706144,7456,1518,5937,3092,3126,2796.82873288,619.68116614,4291.55319709,851.935898252,2445.93051853,962.246891653,2247.60205116,343.924129336,7450.41467491,Wilmer-Hutchins Elementary School,2.55077019181,75.4537218391,2,1,0,163.590397479,175.195153622
235,235,12.5663706144,41691,8921,32774,16941,18067,18281.7605359,4868.9829812,30495.8534941,7073.31415915,18165.542667,6864.54877164,16993.2443805,2067.08002254,41601.6457067,Alexander Elementary School,1.25951129229,67.1036901015,15,1,3,159.625750123,162.611307088
175,175,12.5663706144,39935,8433,31506,16489,17385,17728.6337144,4648.65705462,29318.4301981,6725.97262355,17423.1397704,6633.06081515,16230.678648,2038.12136086,39847.8162883,U. Lee Elementary School,1.64683261225,75.1920560054,5,0,3,166.622268185,171.772386296
264,264,12.5663706144,40762,8118,32654,17787,16721,15182.5219867,4217.13533764,26032.9731735,6160.42693765,15554.5433663,5712.49243383,14718.9406872,1644.19319692,40666.5239663,McNair Elementary School,1.63822598083,59.5735461641,23,1,3,158.307062598,160.75043568
226,226,12.5663706144,32265,6873,25401,13372,13926,13645.0071045,3604.07810576,22530.8391085,5328.57299791,13518.053981,5260.81346927,12574.840579,1599.53326292,32181.8638673,Weiss Elementary School,2.39303486009,75.5122175424,4,0,3,161.647806707,167.958986593
109,109,12.5663706144,35607,11881,23712,10176,14117,12898.1586766,3751.17685468,23235.2994635,6709.27739677,14790.3548537,6380.18747698,13816.9561691,1493.29370439,35520.1658031,Blair Elementary School,1.25463112445,75.2205654515,6,1,2,147.136620004,151.093218065
117,117,12.5663706144,29492,9869,19619,7910,12373,10924.5465158,3136.98889701,19493.9912174,5495.4208926,12256.3577584,5262.26274914,11505.9157428,1292.98483154,29429.0407269,Burleson Elementary School,2.44734530209,74.8009860506,1,0,2,140.332350522,142.67933126
266,266,12.5663706144,39312,13161,26131,11248,15624,14179.3866531,4095.39810073,25657.5863501,7303.58674762,16171.1954994,6986.2916246,15156.7503893,1637.83304035,39241.8444702,Douglass Elementary School,1.52915575611,75.4887245172,3,0,5,146.110018023,150.337405396
108,108,12.5663706144,59429,13757,45684,30262,18173,22505.5127063,6435.56590758,43935.7513793,10096.1817756,23710.2950381,9474.93150044,23471.318438,2299.56886497,65289.4404007,Bayles Elementary School,2.21849494519,71.5603940273,13,1,4,189.235806217,196.666113404
129,129,12.5663706144,63973,14650,49332,32888,19692,26502.8153027,7531.49814651,51093.1244583,11945.8619424,27751.1852199,11272.2882113,27332.4747072,2733.8499934,75880.677379,Conner Elementary School,1.76474190811,76.469733513,15,2,4,191.639932643,198.894593365
218,218,12.5663706144,67470,17006,50463,32842,21059,30446.1546694,8659.88837699,58844.2221089,14247.826961,32354.6992951,13540.1800793,31602.1488697,3168.3206646,88792.4376903,Truett Elementary School,1.29474238888,77.6808476696,17,2,6,188.332719544,196.104401407
216,216,12.5663706144,66484,19212,47260,24576,24560,23495.2748039,6791.26740544,43390.3172897,11748.4386153,26659.1510288,11064.2695605,25173.3727753,2519.67586668,66206.4203783,Titche Elementary School,1.95960775737,75.1119053133,10,1,8,168.746451983,178.623465914
139,139,12.5663706144,46510,13407,33091,15084,18895,18432.676439,4903.65531261,31436.2913083,8138.35740622,19289.414094,8262.10270224,17950.3144497,2287.97254847,46351.7115591,Dunbar Learning Center,3.81238080122,63.4723085958,19,9,4,138.489984235,144.327235228
240,240,12.5663706144,62003,16688,45314,26660,21129,23990.0490357,6800.77316972,45050.5067672,11104.4763549,25745.2835165,10544.3175275,25173.9781599,2538.21403194,67099.6474177,Guzick Elementary School,1.86569282661,76.5680515861,15,2,5,175.529213896,182.969902202
128,128,12.5663706144,33403,8110,25273,13037,12966,14212.1582427,3642.44485323,23378.1857995,5581.36202434,14059.4729986,5676.02879981,13210.6029789,1830.35895107,33138.9870917,King Jr. Learning Center,3.47243023183,53.9927477786,21,8,4,147.897900597,155.069230201
200,200,12.5663706144,31613,9007,22593,8441,14765,14458.7845062,3647.0566517,22426.1219319,5858.56377846,14226.1722913,6244.78084757,13005.7216876,1958.78767262,31523.8345642,Rhoads Learning Center,3.46822683046,69.5401032734,11,7,3,124.951448697,128.418344806
201,201,12.5663706144,27135,6979,20147,8357,12438,12837.1216043,3178.94754432,19652.2834124,4886.78979173,12300.999244,5193.98346286,11299.7623932,1745.06869577,27020.9536029,Rice Learning Center,2.8801266858,63.3666495866,11,7,3,131.878537563,136.038348941
232,232,12.5663706144,56773,15495,41285,24540,18832,20392.1241187,5719.40588093,38620.1298828,9264.52402596,21704.4446778,8916.35230837,21224.0011409,2174.57022202,57684.8366739,Rowe Elementary School,2.02924452534,72.6199600253,13,2,3,171.241477791,177.671516356
209,209,12.5663706144,41144,11751,29396,13978,16564,16009.6515178,4311.91651936,27799.6416807,7214.86315938,16838.8185251,7283.30145677,15895.034044,1927.35749457,41118.5773944,Silberstein Elementary School,2.39698089795,73.6579818428,6,3,0,145.8122715,150.445819812
155,155,12.5663706144,57908,16070,41830,22136,21503,20491.8280993,5922.79872442,38182.5666385,10043.6749249,23033.9989698,9392.17227528,21931.2854213,2162.20166106,57688.1824472,Tatum Jr. Elementary School,2.34442555268,75.5040788589,9,1,3,173.470390017,182.472214281
247,247,12.5663706144,57067,16536,40530,22792,19525,20336.6317376,5736.71987341,38086.8212041,9575.52564536,22363.2891536,9112.24470968,21656.6202321,2148.4707195,57179.8444377,Callejo Elementary School,2.2838215725,75.9135551735,12,2,4,169.834174073,178.391582656
162,162,12.5663706144,79181,6645,72513,65573,12089,14353.6733931,4831.18110659,39296.8144193,6509.09043257,15911.4957903,4945.8561807,17845.6761547,1060.49325768,76458.2729917,Mockingbird Elementary School,2.13554019141,74.8075827859,25,2,13,230.889463237,240.171814914
174,174,12.5663706144,84722,11233,73478,62090,15518,18551.0877094,6052.18568023,47107.1730647,8846.39976007,21175.6976149,7130.36886794,22628.8107468,1480.27541439,82187.8764439,Geneva Heights Elementary School,2.55340060208,76.175289194,21,2,14,221.050438894,231.693432956
177,177,12.5663706144,74593,15046,59527,44048,17631,20386.7250191,6363.79258043,46968.540973,10071.1814529,23693.5690341,8678.24665491,24070.0522401,1817.26589663,74342.4106727,Lipscomb Elementary School,3.74839529268,66.4295094858,24,5,11,195.903875127,205.813279279
184,184,12.5663706144,105314,12665,92639,79647,17990,21024.2626695,7245.2158924,56535.5617643,10456.8436472,25090.8836586,7962.02880891,27527.6439063,1605.79119686,103992.489613,Milam Elementary School,2.62534494919,68.7075165991,39,7,16,222.890169282,233.003834101
203,203,12.5663706144,76158,11584,64566,52864,16729,18475.249088,5783.23226852,44508.2534275,8600.06924005,20048.188589,7052.26160602,21637.8347783,1548.82790796,73921.0375473,Rogers Elementary School,1.56526780485,64.5403590171,31,7,12,222.745942569,225.864113708
281,281,12.5663706144,101789,14665,87109,71524,19597,23729.9903288,8078.05687519,61789.3619795,11948.0880568,28371.6243444,9349.67864817,30552.3136634,1903.00233724,101469.863806,Chavez Learning Center,3.49543686261,59.7629878414,48,11,18,208.550800225,219.594707881
145,145,12.5663706144,58490,21292,37181,24863,14776,16886.8213903,5036.07805482,36141.1242652,9123.50983112,20145.2859063,8262.1959026,19691.3869181,1502.10119704,58333.2402711,Foster Elementary School,2.28827240015,65.8959801645,9,2,6,220.623872487,227.813318359
168,168,12.5663706144,40041,12169,27870,19996,9695,11319.5277401,3330.20742463,24836.2656315,5761.03676159,13424.1156655,5090.67919031,13435.4791925,990.968990598,39958.6330155,Knight Elementary School,2.44576881322,38.9715142479,34,10,6,198.145309861,205.487275232
181,181,12.5663706144,55095,8529,46560,39017,11190,12777.4420413,3678.84886972,29658.0356859,5527.50262063,13944.1002444,4793.94461814,14653.9934755,1053.25168252,55045.2576125,Maple Lawn Elementary School,2.30816963389,52.2914679307,50,13,11,212.221679067,218.947632737
283,283,12.5663706144,68879,10196,58678,49881,12402,15655.1492755,5138.83425288,40443.2649018,7539.03255559,18301.3224567,6029.0013167,19967.7378077,1270.44554909,68808.9647272,Medrano Elementary School,2.97693626249,44.7820961854,51,13,8,203.308445779,210.507046961
188,188,12.5663706144,61413,14761,46653,29495,18833,19855.7304368,5753.82688984,39842.7610607,9376.14541782,21902.226944,8806.61533512,21368.3633462,2077.7109129,61283.9600114,Mount Auburn STEAM Academy Elementary School,3.59082930063,64.6526712856,16,8,10,172.781546355,181.195558121
202,202,12.5663706144,62499,15973,46521,27142,20837,21212.6448798,6040.29572071,40690.2404107,9950.20102878,23271.9521872,9435.32200456,22462.2388372,2353.65547906,62168.5894847,Roberts Elementary School,3.85223344812,59.4537892823,30,11,8,159.352553415,166.494680237
131,131,12.5663706144,85240,15923,69301,51982,19403,22362.0831285,7290.01128861,53149.5357412,11352.1959161,26589.2929043,9414.34411456,27569.7489191,2017.0606785,84900.6451969,Zaragoza Elementary School,4.38520754256,55.0186599303,42,13,15,184.814452008,194.718372967
122,122,12.5663706144,26163,7806,18339,9402,9545,9860.82489125,2638.45609869,17401.7226448,4567.37693064,10588.7880061,4587.30715784,9873.94462605,1172.30638879,26133.5727663,Carr Elementary School,2.39409542412,47.0083622121,25,12,3,165.69249873,171.814755865
260,260,12.5663706144,37210,8541,28657,19151,10846,12068.3791392,3445.46516725,24204.5774305,5622.35658764,13295.3067192,5294.75388693,12970.0977847,1281.36994509,37156.6558292,De Zavala Elementary School,2.52745498334,49.8082181409,23,8,4,172.822767923,180.054864742
105,105,12.5663706144,24636,7170,17465,9167,8732,7718.0384918,2303.89958529,15368.2733325,4352.27758358,9415.3413991,4077.92026091,8931.89295953,780.131351178,24642.2096172,Arcadia Park Elementary School,2.17815104657,77.1243824554,2,1,4,167.726161511,172.26220587
103,103,12.5663706144,20805,5924,14884,8205,7236,6959.94875939,1960.56329677,13237.2025342,3621.06211688,8021.44878714,3536.3604291,7610.74644673,733.568355422,20842.6240017,Allen Charter School,1.08302725809,72.4651855618,1,1,2,173.542978403,180.149230513
116,116,12.5663706144,60970,23353,37610,24244,15441,17591.6023283,5272.30395323,37478.2542271,9718.22488724,21252.1936748,8807.88973594,20788.2360827,1585.38245888,60820.089492,Burnet Elementary School,2.6069989721,68.4751126156,8,2,6,206.389979753,209.629281181
278,278,12.5663706144,63751,23621,40116,26455,16131,18554.4612102,5496.54138634,39451.0682898,9994.52861498,21982.8429868,9112.02628023,21535.9285974,1669.56996471,63599.7625456,Cigarroa Elementary School,2.5223267803,71.0023862642,9,2,6,213.16892476,216.087823498
265,265,12.5663706144,19981,5502,14477,7242,7589,7142.08830302,1987.63878506,13004.228753,3590.14905733,8048.32924312,3532.81001839,7522.03817005,802.678035413,20010.3099247,Martinez Learning Center,2.29561348442,62.2129547313,3,3,2,168.080876372,174.48659079
271,271,12.5663706144,51955,21349,30603,18626,13298,14701.7327556,4530.29608205,31413.9892643,8625.80373071,18595.1323055,7711.24385077,18094.220963,1328.43960787,51802.8516612,Saldivar Elementary School,2.60568458181,58.6430564712,12,2,5,195.192050152,200.412794622
272,272,12.5663706144,90749,25044,65693,37132,30887,29894.3306571,8373.63253073,57892.5656046,14931.8803877,34222.4086504,14654.9020604,32191.539977,3131.40828874,90423.2608374,Moreno Elementary School,2.25779167777,75.956190518,12,1,14,172.476150875,181.672776493
289,289,12.5663706144,58180,15173,42990,23911,20604,20870.4013112,5544.40834578,38355.3553979,9285.88349454,22482.9057768,9245.35974606,21247.3127789,2343.28544393,57931.2456905,Botello Elementary School,2.56871186069,64.8498076409,15,5,10,163.833798532,170.808129079
112,112,12.5663706144,51718,13056,38644,23010,16916,17859.8610706,4834.115669,33823.3791256,8048.33349496,19533.3737802,7824.22094003,18666.175791,1941.25555633,51501.6404493,Bowie Elementary School,2.73719860936,58.581344326,11,5,5,168.852371175,177.062814892
130,130,12.5663706144,89212,25654,63542,36799,29045,28499.6204484,8108.31010477,56305.2984283,14738.9560823,33325.2106126,14327.878071,31436.6106447,2926.97898852,88983.8913594,Cowart Elementary School,2.40625940566,77.3861935104,11,2,9,171.691284323,180.386731369
136,136,12.5663706144,75408,22453,52936,29988,24870,23771.695973,6936.38903312,47262.9911131,12848.8064771,28390.1237847,12280.4049957,26848.9503105,2441.61793982,75305.2382739,Donald Elementary School,2.32870399217,78.3495231055,10,2,10,169.226986037,176.330842922
149,149,12.5663706144,79811,23005,56798,33039,26106,25858.23616,7408.13358276,50645.4362851,13409.6230828,30113.0295472,12971.8512474,28460.2131345,2690.81062356,79687.8734148,Hall Elementary School,2.21252930139,78.4139487844,10,2,6,174.93257152,183.771238739
152,152,12.5663706144,89676,24731,64937,34565,32528,30480.0333197,8433.59932735,57542.913742,14851.6237796,34300.7189989,14658.775543,32272.6298641,3310.80241977,88979.6073658,Henderson Elementary School,2.11850797257,74.7717491873,15,2,17,165.621865391,173.695675465
157,157,12.5663706144,53587,13499,40077,25222,16211,17348.9548427,4790.57841446,34431.1098467,8102.33767536,19438.2822653,7789.57946067,18710.0248191,1753.7086476,53336.8487073,Hogg Elementary School,2.76714029838,60.2911405486,13,7,7,173.365346264,181.739695877
158,158,12.5663706144,86567,23767,62793,37197,27969,27573.2768232,7708.62164953,54674.3844355,13942.0026356,31940.8936106,13629.1163788,30125.55546,2778.48094117,86336.9448367,Hooe Elementary School,2.43422657622,75.604637974,19,4,16,174.585084213,182.577688122
275,275,12.5663706144,72246,19474,52758,31800,22992,22827.1868565,6373.71755677,45572.9288792,11506.5644543,26447.2531433,11205.3063711,25011.0720679,2268.97221687,72030.1865158,Kahn Elementary School,2.65414827765,75.0029456458,10,5,11,172.767316664,180.612110821
190,190,12.5663706144,79809,23388,56405,32911,25522,24951.1505709,7127.75384698,49928.8009147,13145.93852,29522.215879,12704.7703751,27854.8726526,2502.57359325,79580.6181923,Peabody Elementary School,2.54497180783,76.3196492875,15,3,10,172.704083601,180.18094235
192,192,12.5663706144,77379,20384,57006,32039,26952,26380.0678692,7176.67095215,50056.1001738,12407.3974522,29296.3951158,12290.7880385,27648.8613104,2836.51140214,77058.5776657,Peeler Elementary School,2.29321389195,73.5097157376,16,5,14,166.958476719,174.848600191
197,197,12.5663706144,67865,17467,50403,29891,22285,22553.8037409,6167.83658451,43752.0272785,10592.4445558,25148.7518716,10395.9492013,23919.7804421,2344.53079244,67588.7286901,Reagan Elementary School,2.42455355228,71.0926507697,16,5,12,168.648687535,176.423695616
204,204,12.5663706144,70352,18457,51873,31745,22059,22353.4635217,6203.61403575,44618.5627421,11015.6547617,25652.4300629,10730.909152,24330.8255602,2215.65676679,70146.1784397,Rosemont Lower,2.22825733128,74.2746565264,19,7,12,172.948061117,180.720340848
239,239,12.5663706144,89966,25973,63973,36964,29194,28613.0478606,8126.18247144,56631.0038999,14848.6457806,33540.5884066,14448.5996955,31605.791816,2933.77105316,89728.8700153,Salazar Elementary School,2.45484775829,76.4120414095,12,1,10,170.134778457,178.313660497
211,211,12.5663706144,55685,15572,40094,23900,17786,18212.3336912,5034.96192454,35586.5790899,8903.71337359,20619.0112261,8709.99977567,19504.8920984,1886.97623657,55519.5477411,Stevens Park Elementary School,2.84561341672,74.4276892101,13,6,8,168.537015046,175.12252436
229,229,12.5663706144,88528,23947,64591,36953,29980,29045.2315677,8040.28050253,56461.3807379,14246.6857734,33065.7723752,14016.0215472,31196.4716942,3011.38973456,88202.2496274,Winnetka Elementary School,2.21837506552,74.9074587951,17,4,17,171.864836189,180.027565754
171,171,12.5663706144,55092,6076,49006,42296,9979,14160.8352055,4380.04070434,35663.9659213,5912.35462879,14810.0951894,4955.22459597,15903.2269259,1096.78975247,55006.746096,Lakewood Elementary School,2.44229261277,74.8512569057,11,2,8,225.45817749,237.031504329
125,125,12.5663706144,67166,18411,48751,32672,19268,26017.4276399,7269.12426263,52009.8925946,12017.9456595,27262.1403626,11541.0069296,27083.2381575,2634.56224072,79587.028275,Casa View Elementary School,1.31244388854,76.449878168,13,1,6,191.276606952,196.289701948
147,147,12.5663706144,71299,20235,51057,32641,22071,30079.2448164,8331.90983272,59184.4777445,13893.4166228,31404.0828556,13490.2563982,30974.1272578,3107.94067938,90425.8575603,Gill Elementary School,1.27695207593,76.270837098,11,2,4,188.414317104,192.051800864
153,153,12.5663706144,43848,6269,37581,31567,9707,13772.4735291,3641.51111055,29709.0311991,4937.59577826,12539.1075272,4827.81459777,12927.9035771,1224.2390242,43799.8214939,Hexter Elementary School,2.33295185101,79.3843931029,10,0,5,220.423856067,226.414141214
159,159,12.5663706144,72346,12191,60154,47606,17693,20110.507314,6107.28487011,46775.4733097,9114.70884344,21379.1871035,7667.60875519,22790.2269122,1716.41134475,72141.6583686,Hotchkiss Elementary School,1.50220037953,65.2617234603,29,7,9,219.632338292,221.785980951
166,166,12.5663706144,74035,19910,54116,33236,24630,34911.7051556,9854.6831176,66964.5110265,16523.8571918,36954.5657536,15889.6940021,36040.7940603,3713.77496469,101606.074086,Kiest Elementary School,1.35712902355,77.9774214428,9,2,7,184.958762521,191.544140165
198,198,12.5663706144,58384,14372,44007,31128,16053,19488.350804,5465.37110667,39983.8459958,8768.28521822,20148.8512446,8297.12417458,20284.2653815,1901.98223614,60954.7101052,Reilly Elementary School,1.58595265881,74.6523176418,14,1,7,198.226502676,203.104729012
199,199,12.5663706144,55742,12937,42799,30962,15039,21265.5575721,5882.68814017,42942.6318954,9346.98798675,21769.6292723,9024.6804662,21556.0636248,2106.64130133,64977.0671268,Reinhardt Elementary School,1.97737694966,78.4551924281,14,1,6,200.567975392,208.309134573
250,250,12.5663706144,45756,11460,34288,13089,22425,22739.5979736,5544.09575997,33891.5218076,8428.14379662,21287.8965044,9194.8851282,19303.2975365,3201.98319269,45566.2696172,Young Jr. Elementary School,2.02111722615,70.5183700615,7,1,3,131.956782844,135.450622368
172,172,12.5663706144,80202,21081,59111,32949,28559,27506.5154156,7662.00325277,51935.0071063,13248.3828126,30666.5140562,12962.7474936,28881.6475373,2960.21334506,79534.8194334,Brashear Elementary School,1.90968234428,73.9413235888,14,3,10,171.958501623,180.284439746
183,183,12.5663706144,47408,10547,36857,18144,21406,21780.6731433,5368.22076537,34464.3830261,7836.37860897,20450.8442224,8256.11776595,18872.3260617,2771.18736149,46676.0278485,Marsalis Elementary School,2.30293421427,72.696408159,7,2,2,163.809995567,169.197532267
210,210,12.5663706144,51986,15164,36808,21460,16924,16674.6566829,4888.23986426,33015.3426351,8760.53674596,19523.3474892,8258.81384099,18654.220249,1700.38351976,51717.5276525,Stemmons Elementary School,2.16199685502,77.5562781516,4,1,4,178.944106568,189.022793369
213,213,12.5663706144,46513,9565,36948,19444,20275,21233.7861657,5316.37254681,34372.0795582,7502.90744268,20068.8600762,7686.70283455,18630.8331317,2501.20380473,46170.4974708,Terry Elementary School,1.79333413388,73.1941139948,5,2,1,178.084822133,183.807145536
215,215,12.5663706144,38107,7989,30110,14542,17565,18359.0618397,4477.24847919,28383.5527406,6439.25431836,17038.9958536,6892.87761792,15602.8942864,2377.84269731,37889.1237384,Thornton Elementary School,2.36418398991,71.3451272533,5,1,2,152.796152423,157.87360157
277,277,12.5663706144,46171,12681,33475,19849,15225,15655.9334857,4473.34225528,29765.2111025,7516.09522794,17390.1802688,7166.33376379,16632.3269646,1667.69086173,45949.4444836,Tolbert Elementary School,1.93298776304,67.489461748,7,2,2,175.617139276,184.496501323
219,219,12.5663706144,51768,11024,40736,21530,21987,22203.7952126,5711.05563623,37142.63508,8284.70503929,21506.7871459,8273.11820783,20201.0853365,2565.37642154,50961.9686244,Turner Elementary School,1.41709514217,64.3269592532,6,1,2,174.141386834,179.333923834
225,225,12.5663706144,58269,14253,43991,24668,21478,21938.0735515,5917.42171582,39532.0919056,9392.8890552,22946.3533548,9185.9068105,21681.7022281,2416.2851558,57636.5699942,Webster Elementary School,1.81441093368,63.8446554592,9,2,4,170.471218198,176.593860446
274,274,12.5663706144,46671,14129,32541,18596,15183,14654.1544335,4347.49646452,29252.0054992,8037.23356477,17588.0223855,7545.9501595,16738.3758529,1484.30446144,46466.1170418,Bethune Elementary School,2.28049307854,77.4811565076,3,1,4,171.741499537,180.441143594
236,236,12.5663706144,24364,7137,17226,9472,8255,7763.63716193,2374.4445742,15641.4330702,4404.58387607,9480.11211834,4031.84803796,9052.01801368,778.045570712,24909.5934922,Cochran Elementary School,2.44591077299,76.5422091258,2,1,2,169.827836212,177.174874295
164,164,12.5663706144,70030,21315,48704,27631,22806,21684.5783515,6324.15485629,43580.854428,11835.9903879,26163.8399954,11285.7241681,24725.876823,2171.12408654,69888.6445183,Jones Elementary School,2.54978781175,77.8839747042,12,4,8,170.940161787,177.53163305
287,287,12.5663706144,64443,19505,44922,25541,21020,19970.5703969,5895.30176344,40146.5176907,11029.9632851,24171.3263074,10440.238807,22924.0743624,2007.70955206,64349.1422857,Soto Jr. Elementary School,2.26608363752,78.1852933233,7,2,6,168.520619505,175.286020449
114,114,12.5663706144,56377,15624,40747,15449,26838,26839.2780646,6555.05949553,40663.8592027,10346.7591425,25668.905308,11325.7538711,23302.7708554,3772.75662108,56197.1206355,Bryan Elementary School,2.37429703,71.677891968,8,1,4,135.77064027,139.041321271
115,115,12.5663706144,70732,19976,50757,22630,29840,28576.4785077,7337.92919251,47851.3916867,12298.3528317,29524.3957702,12809.6838616,27257.2867739,3630.92396479,70150.0198985,Budd Elementary School,2.3136310334,73.583727268,14,4,9,146.249139842,151.526517253
118,118,12.5663706144,34497,8995,25495,9157,16992,17264.3609525,4215.59626953,25529.397037,6529.26981435,16305.5554663,7101.03621239,14716.9106879,2471.03990877,34433.0752196,Bushman Elementary School,1.70782954003,70.678480164,6,0,3,129.506311097,131.49288455
6,6,12.5663706144,56041,7276,48758,40358,13985,15726.9810785,4129.66816748,33973.2354532,5773.62401864,14208.4998749,5453.33687178,14915.1313838,1386.57048494,56031.3973144,Hillcrest High School,3.39857462739,69.4177934628,49,8,9,240.041648494,239.939547977
15,15,12.5663706144,19767,6124,13640,6313,7691,7027.63664899,2206.18960501,14024.8886943,4064.62939027,8483.91403188,3621.34671256,8137.85364472,703.614864663,23300.7105642,Seagoville High School,1.72266388196,58.5351357001,2,1,1,166.777239836,174.205444426
380,380,12.5663706144,7900,1584,6315,3295,3329,3155.29799948,704.895643756,4830.60395783,968.726139014,2767.3399431,1089.11203143,2542.47238907,389.904522476,7892.5056696,Wilmer-Hutchins High School,2.81486414324,75.1377060706,2,1,0,162.071509408,173.251404465
23,23,12.5663706144,38853,8437,30421,15793,16713,16416.8214559,4483.52675098,27668.9963852,6624.02562614,16635.5249666,6320.13017583,15606.8255233,1853.58550468,38743.6512299,Carter High School,1.42506854205,70.5373867577,15,2,3,154.564718927,157.24951445
32,32,12.5663706144,43740,11410,32315,16480,16742,17455.7842842,4625.9171419,29720.2007909,7411.43742863,17964.3063246,7415.85792229,16892.2976178,2171.78590705,43360.3239853,Madison High School,4.12360155504,55.1438887735,27,15,6,148.552082543,155.741590185
24,24,12.5663706144,102076,13087,88973,75641,18154,21539.4939511,7443.75976611,57940.7227025,10821.800765,25930.6532236,8195.71647069,28488.3575832,1642.6002983,101758.784649,North Dallas High School,2.56779289946,60.0226809719,45,9,19,219.450879108,229.183263296
22,22,12.5663706144,68947,14749,54185,39010,17186,19532.2429347,5988.10244083,43638.1006369,9589.23709922,22441.5971591,8472.870471,22544.5519613,1806.65278075,68742.1334285,Wilson High School,3.8647593327,66.735844544,17,5,10,192.685696843,202.331353109
12,12,12.5663706144,32604,9634,22965,12348,11525,12073.0926508,3215.93873691,21603.1314658,5571.78773767,12975.2409069,5625.33683196,12069.5528813,1412.45091164,32584.1447808,Pinkston High School,2.38444026886,59.3596631942,12,9,4,163.641060822,169.125301128
2,2,12.5663706144,57856,14983,42859,24862,19522,20088.9280293,5397.30036518,37816.0081954,9077.59689338,21905.6714138,8949.73053254,20803.3688263,2181.51760547,57573.7114369,Adamson High School,2.58913968364,64.3865515963,13,4,10,167.016370179,174.674864763
18,18,12.5663706144,79721,21294,58414,35004,25629,25308.9302771,7051.71683626,50367.8395235,12701.8421557,29256.8177873,12401.8796783,27631.5292097,2525.49586759,79502.0344596,Sunset High School,2.37277950548,75.0288435906,17,5,13,174.427037806,182.348481676
1,1,12.5663706144,67999,17006,50988,33212,21388,31053.5691603,8723.40309031,59924.9673854,14417.2630886,32661.0054175,13879.8791261,31841.4829071,3263.99507077,90583.5776036,Adams High School,1.42873804489,77.9568722679,12,1,7,189.594200875,197.105537011
8,8,12.5663706144,51448,13593,37838,22046,17604,18563.2767874,5132.55787089,34339.8748545,8383.14897603,19961.4940004,8163.54408615,18975.5710264,2010.34443305,51300.9989399,Kimball High School,1.82987875573,64.343112494,11,2,4,170.609710089,177.804131386
5,5,12.5663706144,45314,13500,31805,18344,14707,14322.7721177,4239.85690663,28526.1660547,7754.0991535,17058.6794815,7274.43941303,16263.3454871,1452.8022071,45071.0144626,Molina High School,2.40068980082,77.3118800564,3,1,4,174.138011971,183.596348193
60,60,12.5663706144,69061,18561,50506,21690,31079,29849.2904535,7529.96506577,47915.2670556,12133.7149904,29581.2596839,12813.3485927,27191.5131096,3964.69659707,68126.0452554,Storey Middle School,2.27457707306,73.048871497,11,2,7,146.95752469,151.915968238
44,44,12.5663706144,55816,17131,38674,28453,13464,16604.4085575,4703.98381572,35543.6856385,7941.82131483,18160.3269944,7400.05318707,17943.9828712,1452.72519125,55711.3808976,Cary Middle School,2.0312658253,75.5064828574,9,1,5,240.247340754,245.138447378
54,54,12.5663706144,45647,6533,39097,33716,9329,9730.96481239,2406.07516905,21078.4256954,3158.9570751,8380.35896011,3221.20454651,8729.74364924,828.739432235,45539.8944849,Marsh Preparatory Academy Middle School,2.11484411134,72.2360234372,11,2,4,240.254271895,242.894399811
56,56,12.5663706144,53276,9790,43481,36247,11300,14627.8211854,4202.66105351,34225.5341031,5840.24840834,14549.674402,5065.36787942,15624.8578472,1176.34537039,53302.9434409,Walker Middle School,2.50855367157,72.3546749956,12,0,5,251.942373116,253.0836557
83,83,12.5663706144,82453,14347,68109,53162,21194,22635.2741014,6626.31879422,50706.2881688,9966.59773242,23428.1489349,8634.90506269,24738.2165943,1999.90664546,81846.6784731,Tasby Middle School,2.66002085825,59.8651330729,49,8,12,216.706470378,214.181240022
46,46,12.5663706144,65520,19554,45942,22928,24768,22273.4250501,6510.11492244,40811.4696399,11486.2847015,25542.9025546,10800.6581423,23898.566529,2419.21522059,65188.2630165,Young Men's Leadership Academy at Fred F. Florence Middle School,1.89101427071,72.3089739984,9,2,5,163.944454408,172.499063943
45,45,12.5663706144,40885,13651,27230,11722,16303,14734.8923605,4240.25148603,26695.0362148,7555.25187422,16761.1891675,7245.16391816,15726.9013653,1700.6515595,40826.3332581,Comstock Middle School,1.87959448007,75.3580273318,3,0,5,144.488209832,148.251294409
52,52,12.5663706144,59038,18784,40241,20940,20709,20727.6294111,5882.54031435,38579.680035,10255.5931618,23404.3818065,9820.15739366,22333.4359899,2246.62717852,58950.0708958,Piedmont Global Academy Middle School,2.24874520005,75.2328789773,11,1,8,159.275551163,167.353967433
352,352,12.5663706144,53088,16627,36449,17937,19865,16366.9624291,4957.01427068,30573.3954324,8851.49750697,19160.620885,8152.40407331,18103.2268977,1757.76354961,52881.2436587,Young Women's STEAM Academy at Balch Springs Middle School,1.77849314502,70.9649725643,10,2,2,164.6963903,171.661328679
42,42,12.5663706144,51714,10979,40733,21455,22067,22276.2386577,5724.64247251,37172.8388212,8288.95219871,21544.891922,8283.62588541,20225.9403162,2578.93305086,50919.5447239,Atwell Middle School,1.35283243784,64.6985612244,6,1,2,174.195037947,179.376755152
58,58,12.5663706144,104113,13479,90618,76459,18759,22677.0451985,7859.86895189,60803.5099333,11418.6760033,27268.7675594,8685.63840461,29806.0937482,1742.22919684,103804.454491,Spence Middle School,2.62319971489,60.4502562126,44,9,18,217.914653861,228.715359135
49,49,12.5663706144,84070,22353,61722,36469,27633,27252.2700069,7534.04512451,53559.633978,13313.595899,31039.8519517,13060.2278665,29363.2970827,2766.98362962,83802.8957346,Greiner Middle School,2.2133120861,74.6650790265,22,5,16,174.64809491,182.583296094
163,163,12.5663706144,39596,11617,27969,12429,16375,17083.6111354,4283.43745795,27603.5204763,6893.8485022,17083.5623171,7253.88519773,15819.1245436,2247.1636595,39477.9582019,Cedar Crest Elementary School,2.63904841075,67.3610093175,7,4,3,142.172916983,146.393877209
178,178,12.5663706144,52645,13517,39117,15902,24882,25140.3492255,6156.88705691,38235.0768206,9469.67745629,23759.2455914,10277.7738064,21661.0680604,3492.69309451,52202.750204,Holland at Lisbon Elementary School,2.36301272552,71.4311055056,9,2,4,138.899271522,142.775944927
185,185,12.5663706144,37672,10103,27553,10150,18263,18665.8351497,4516.21504671,27648.4273381,7095.54081269,17715.777719,7785.42551458,15948.4348751,2687.18617944,37650.4426241,Miller Elementary School,2.07432557224,70.8591385669,5,0,1,132.800979614,134.405578423
189,189,12.5663706144,60259,15441,44805,19872,27402,26781.2926939,6688.48014476,42470.6265554,10478.3321425,26032.6284906,11083.3939921,23882.4552991,3538.94162171,59373.8665322,Oliver Elementary School,2.38648614489,72.8536299503,10,3,4,154.344584624,159.646864752
191,191,12.5663706144,35381,9135,26241,9334,17564,17533.409245,4354.35456322,26160.0960624,6691.59950834,16672.7484638,7152.9920916,15122.3763997,2467.61993843,35182.8202548,Pease Elementary School,1.63585572467,70.4395373785,7,0,4,127.703024581,130.817088716
121,121,12.5663706144,60050,14400,45633,24855,23209,23334.4414491,6175.7211035,41053.5022129,9700.28936592,23898.130641,9622.23876414,22481.3879263,2656.52860334,59196.8075929,Carpenter Elementary School,1.77971717675,64.78361092,10,3,3,171.104043195,176.925485338
133,133,12.5663706144,75552,19169,56380,28931,30179,28956.9204158,7653.59681756,50745.003285,12584.5659109,30176.8119074,12731.862852,28181.5562248,3409.95647443,74635.7647353,Jordan Elementary School,1.95473158298,73.6051634713,14,3,8,167.44547797,174.035811749
205,205,12.5663706144,72818,19001,53806,25312,31024,29588.1816879,7603.75302669,49632.7388851,12368.9367124,30023.5352744,12819.768338,27846.9903846,3706.66065168,71861.1894219,Russell Elementary School,1.99442073232,74.148780211,10,3,6,156.050048519,161.907931162
233,233,12.5663706144,57807,10756,47033,39634,11165,13048.3051657,3816.97606431,30764.3931594,5392.12480882,13375.1323479,4627.23785988,14344.1945817,1059.33735097,57803.4365238,N. Adams Elementary School,2.41549733747,65.3446753496,15,1,5,239.647266585,242.509470488
120,120,12.5663706144,58543,21598,36933,24351,14831,16594.0466764,4888.68221469,35113.2174926,8845.55749694,19462.664223,8113.41178818,19180.2645477,1515.57248565,58362.7846229,Caillet Elementary School,2.86139143261,71.3367602892,9,3,6,203.258356018,204.356884509
135,135,12.5663706144,50242,11342,38888,30776,11783,12235.1344158,3238.43318357,26102.4437511,4949.51961886,12023.7813559,4834.98013183,12192.0279232,1093.58703644,50041.4169625,DeGolyer Elementary School,2.49327244273,75.2253981324,11,3,4,228.60763966,230.879237849
148,148,12.5663706144,45129,6085,39025,34064,8844,8707.2921841,2174.19207302,19232.6679947,2765.58838462,7414.88953032,2780.54500598,7863.62636548,738.389027899,45059.4479532,Gooch Elementary School,2.20340935508,68.8761080892,12,2,3,239.880326865,242.782915329
182,182,12.5663706144,43199,10806,32383,24490,10523,9065.77951652,2461.0257056,19184.543173,3959.63485449,9328.42923595,3812.81128069,9432.47767559,832.608330259,42941.6150216,Marcus Elementary School,2.64933254374,70.3114968113,11,3,4,205.700297947,208.234318273
193,193,12.5663706144,33632,1477,32145,29448,7325,10411.6095912,2409.30166491,22725.5588147,2680.99455872,7769.13087792,2869.66462539,8191.47787353,826.395906007,33636.8996591,Pershing Elementary School,2.09937707928,82.4992084252,9,0,5,264.773062744,270.193876032
224,224,12.5663706144,44343,10159,34170,27336,10325,13465.7593598,3636.32945351,29136.7960241,5570.15523768,13439.3736074,5335.82873456,13489.56926,1144.89100825,44282.9010598,Walnut Hill Elementary School,1.98728621638,79.6067314582,9,1,5,250.158531531,255.225162847
230,230,12.5663706144,43005,6187,36810,31580,9277,11778.5436828,2911.73297577,25433.6057258,3827.33863989,10171.5696985,3923.66239294,10543.3234738,1006.41160929,42965.7087361,Withers Elementary School,2.22525143715,77.4315189898,9,3,3,245.494824889,248.270269695
195,195,12.5663706144,44885,2814,42067,37857,9565,11486.9006086,2772.78975246,25220.775408,3287.47304326,9130.67322337,3337.33287207,9620.59706607,936.233450983,44887.5048927,Preston Hollow Elementary School,2.76370320962,78.8729222167,34,2,9,254.593156399,258.155488482
176,176,12.5663706144,82101,14274,67823,52937,21145,22563.925205,6592.50672425,50484.8088488,9913.35135817,23312.8652664,8602.25933503,24612.2197924,1994.32049463,81534.6358141,Lowe Sr. Elementary School,2.89461315573,59.774473579,49,8,12,217.136991828,214.78199213
286,286,12.5663706144,74992,15390,59608,44245,20849,23464.3207549,6637.93457849,49944.9288007,10032.2951863,23795.3676381,8981.49254293,24682.7445582,2130.91694098,74940.964482,McShan Jr. Elementary School,3.4822343233,59.2770510719,61,8,9,216.421756661,215.778129132
141,141,12.5663706144,76704,13257,63450,49771,19473,21147.4317819,6354.20578446,48416.7889824,9544.24856178,22267.8080846,8102.05909042,23666.8974625,1837.17893863,76132.5625524,Stone Elementary School at Vickery Meadow,2.04865491359,61.6294718636,43,7,12,217.719883865,216.328153888
101,101,12.5663706144,65576,21256,44295,21471,24343,23314.6764759,6717.01045006,42621.2610888,11991.0316318,26724.7933676,11446.3680361,25052.7951542,2606.17841128,65389.099687,J.Q. Adams Elementary School,1.6906119304,75.4284850075,13,2,10,157.479304432,164.499969423
104,104,12.5663706144,54483,17634,36823,17516,20475,18212.0900497,5317.87229756,33247.092825,9667.09263469,21229.552833,9198.16830101,19688.0085073,2011.38951736,54255.0190383,Anderson Elementary School,1.5145421787,74.9646540722,12,2,5,160.851634998,167.897387145
110,110,12.5663706144,72657,21952,50690,26400,26153,25724.5096704,7398.30946655,47507.8228932,12938.8300507,29309.0012216,12278.1532675,27684.5481901,2780.69806052,72411.4215623,Blanton Elementary School,1.89389337976,75.1608531742,12,1,9,165.113921968,175.320170903
276,276,12.5663706144,46968,15217,31737,15232,17540,14471.7578003,4356.02005575,26848.7248152,7904.0073164,17070.8242862,7349.80519961,15985.065828,1568.46458523,46762.5890147,Cuellar Sr. Elementary School,1.62139312667,73.7910790871,9,2,2,161.460638293,168.008330859
137,137,12.5663706144,46102,15125,30955,14380,17358,15567.0041306,4586.95894997,28382.481662,8442.17007659,18309.850368,7996.28976269,16952.4807607,1730.03995417,45886.1157141,Dorsey Elementary School,1.22248480339,75.0879049965,6,2,3,156.555364951,163.191256967
156,156,12.5663706144,61080,19805,41257,20128,22537,21628.3759539,6176.31278138,39650.1172395,11050.6281117,24713.2443891,10617.9916333,23232.9213833,2424.22064241,60981.5293113,Hawthorne Elementary School,1.88768776672,75.1310437155,8,1,8,153.233023539,159.747445582
170,170,12.5663706144,32494,10794,21694,10581,11623,9644.44993661,2975.46866923,18224.9371959,5450.47684468,11547.6711507,4967.72817389,10883.1068801,1030.1565376,32357.5857988,Lagow Elementary School,1.7561284431,74.4051917027,6,2,0,160.538226305,166.823179296
180,180,12.5663706144,56204,18687,37494,17560,20973,19954.1135946,5789.49656483,36336.3670044,10462.8892154,23032.9864776,9995.9261318,21454.7644285,2247.85323237,56006.9063408,Macon Elementary School,1.29506411339,75.5622645829,8,1,8,156.619874164,162.983147441
237,237,12.5663706144,60576,17923,42641,21392,23005,19880.5456918,5878.42223252,36693.3377907,10325.6046325,22796.0097583,9615.91693131,21436.3587265,2141.6534866,60278.0657749,Runyon Elementary School,1.92176014876,71.1198342532,12,2,3,166.007923061,174.01006435
234,234,12.5663706144,41628,13811,27816,12371,16338,14923.1464962,4286.02185613,27124.2358693,7656.19843342,17013.0116582,7343.59475728,15992.4486064,1719.44184163,41559.2830555,Gonzalez Personalized Learning Academy,2.19231953358,74.881405742,4,0,5,142.907646805,145.328155039
161,161,12.5663706144,49211,16186,33018,15331,18745,17525.1921708,5010.54919702,31969.3010545,8991.41480891,20011.1296144,8651.98802689,18805.9997972,2003.2447132,49149.7494672,Ireland Elementary School,2.03352416577,74.978115491,7,1,7,146.686856419,150.562147778
207,207,12.5663706144,63623,20135,43477,22442,22557,22364.5360714,6380.5979609,41559.9386626,11149.2405932,25375.4886602,10628.8153434,24150.7135432,2426.04415396,63494.7808949,San Jacinto Elementary School,2.20428402926,75.2964805487,12,1,8,159.985858323,168.665798804
222,222,12.5663706144,52109,15007,37101,21232,17563,18548.8053291,5145.49605944,34718.0474077,8505.84639482,19984.5225521,8253.14067593,19439.1557722,1981.11369328,52091.7531677,Urban Park Elementary School,2.16747594626,75.6644490387,12,2,3,165.613229233,172.740055999
303,303,12.5663706144,55926,18468,37447,18785,19940,19480.052694,5522.38291611,36179.5622367,9861.79467485,22217.0683353,9518.69422042,21043.2678261,2142.56442853,55889.5969366,Richardson Elementary School,2.07289980551,74.9761866749,9,1,8,152.880654844,159.821812008
119,119,12.5663706144,55368,10828,44520,35549,12727,8101.98333113,2153.96947086,17351.5533325,3318.07535562,7984.10018339,3202.48874094,8136.33599065,720.103129313,55093.3338513,Chapel Hill Elementary School,2.44059379149,71.4804281891,14,3,4,222.918716367,225.051801126
279,279,12.5663706144,58957,9631,49320,40365,12247,17378.5520024,5179.08061938,40280.2632258,7673.83560935,18885.2394524,6462.15180828,19866.6538266,1366.08941467,67227.5805421,Junkins Elementary School,2.23564330691,75.2115413616,20,0,2,219.9864234,233.580003182
304,304,12.5663706144,54302,8821,45470,37558,10879,7116.78696301,2260.46637165,17605.602646,3322.33037678,8012.5635182,2706.70053224,8753.27385925,564.882267097,54274.7024982,Bush Elementary School,2.32095984272,64.805538011,11,1,1,226.084286611,234.722294113
154,154,12.5663706144,73884,20799,53079,32706,24015,33820.8665792,9548.50704856,66147.6028196,16022.9704399,35859.5796997,15381.4996631,35293.3670857,3532.95001404,101002.257135,Smith Elementary School,1.17209716973,77.5196788138,8,2,4,184.256145249,189.700972045
126,126,12.5663706144,9725,1989,7734,4430,3859,5495.72020875,1669.10590633,10857.6972158,3000.82505692,6292.07845719,2743.47608803,6019.25847072,545.852568432,17288.8588016,Central Elementary School,0.869170591045,76.0343932695,0,0,0,182.080402561,194.824140145
208,208,12.5663706144,6075,1296,4778,2669,2476,3047.97747073,930.220718374,6024.02434269,1668.99941932,3502.53180454,1517.4503389,3367.66729727,303.80005282,9699.13761926,Seagoville Elementary School,0.827791093957,76.2639095835,0,0,0,177.784640174,187.852324802
244,244,12.5663706144,14366,3850,10515,4931,6132,7074.39920858,2210.25506391,14049.9625713,4080.74219639,8409.06922266,3669.44623312,8066.40443575,714.067516414,22627.4070955,Seagoville North Elementary,0.767649473577,67.3098183271,1,1,0,170.683302254,180.252177667
173,173,12.5663706144,50200,13743,36435,21866,16027,16955.0857865,4613.97038958,32539.5213997,7946.57805758,18734.8205893,7811.79331466,17731.863188,1801.4232361,50067.5874717,Lanier Elementary School,2.36837073328,64.3363169337,20,9,10,166.754083515,172.943586007
194,194,12.5663706144,48939,7484,41443,35279,9587,10462.3977058,2953.59429841,23855.6312624,4399.73528908,11154.9613787,3943.66829658,11537.9406959,874.732862761,48918.6209369,Polk Elementary School,2.30679177393,64.0397328882,27,7,8,223.449124774,233.489433092
107,107,12.5663706144,55615,22560,33052,20360,14176,15854.876385,4842.35329043,33796.2311509,9143.2157347,19777.5173269,8214.99711203,19285.5582386,1436.64848107,55467.5534745,May Elementary School,2.55826357531,64.5353714878,10,2,5,196.084654193,199.579752157
13,13,12.5663706144,40636,11553,29068,14227,15663,16307.5323911,4176.75612572,27681.4955408,6799.39443356,16787.593179,6962.60558046,15728.5124498,2027.92951661,40484.7920197,Roosevelt High School,2.76590358757,64.3180920308,8,4,2,149.279572592,154.396109664
16,16,12.5663706144,65200,16735,48456,21878,29186,28265.7082977,7102.27563978,45534.0330544,11231.3905404,27777.3561453,11824.8722978,25559.9490694,3674.35319134,64282.9360998,South Oak Cliff High School,2.2607007477,73.3879096186,14,4,7,156.191260227,161.662577017
7,7,12.5663706144,53602,15849,37741,28170,12861,15972.4271846,4499.95215543,34281.6047565,7500.41694423,17258.8784331,7004.23717894,17094.4051245,1388.2678365,53508.3262689,Jefferson High School,1.98434182595,76.0704259881,9,1,5,242.429357445,247.352494133
21,21,12.5663706144,50370,8572,41787,35740,9839,11676.4634162,3187.32004129,26598.8896658,4380.60348166,11160.4079157,4000.46157053,11839.8990276,971.272478848,50369.975334,White High School,2.34740317728,66.9864003982,14,1,5,241.042370351,243.79435402
28,28,12.5663706144,81194,15627,65576,49670,21821,24167.3224038,7041.72309912,53318.2411356,10612.8052399,25038.4018309,9278.10721272,26193.2022827,2156.8868042,81105.1122515,Conrad High School,2.78962076758,58.504068552,47,8,10,213.476366362,210.250299279
14,14,12.5663706144,74435,23023,51386,26429,26840,26226.152179,7591.25809095,48487.8523958,13369.7611566,30106.8602107,12654.2468765,28381.7629313,2832.29800489,74151.8096566,Samuell High School,1.79692165091,75.3133162574,14,2,9,163.512333478,173.084081891
17,17,12.5663706144,43042,14130,28894,13536,16058,14102.4889244,4184.66788848,25828.9672742,7728.4809276,16678.4476429,7284.73293205,15455.0801199,1553.96029165,42831.7857606,Spruce High School,1.37175391585,74.9172573405,6,2,3,156.642324238,163.317641208
25,25,12.5663706144,59034,16138,42897,25339,19807,22183.897065,6250.18345486,41708.2842067,10206.5943587,23846.7426056,9722.67608227,23312.9984609,2334.65071186,62161.0740642,Skyline High School,2.06659358485,76.4232808358,13,2,5,174.807266647,182.653989626
9,9,12.5663706144,25026,6775,18248,6449,12415,12117.1478707,3002.35634516,18214.8059891,4680.98178178,11591.0930522,5048.41385809,10571.792288,1683.5100524,24948.3611295,Lincoln High School,2.92004373706,70.5295039827,11,7,3,121.285172792,122.960162882
206,206,12.5663706144,55620,11140,44485,32508,14909,19989.658196,5671.84604481,40316.982918,8552.18377301,20479.1654082,8014.93607898,20464.166768,1961.75628682,59740.715981,Sanger Preparatory School,2.95742152647,72.7724717112,16,1,5,202.878377026,211.428936418
263,263,12.5663706144,31536,8355,23163,8652,15244,15789.4417888,3815.39965852,23273.2326952,5949.4984286,14896.8177371,6536.86668911,13420.2864838,2282.22873273,31516.925797,Starks Elementary School,2.04604469316,70.8216477601,5,0,1,132.743874707,133.732207439
51,51,12.5663706144,50355,14047,36297,13499,24076,24169.3836348,5889.30535745,36421.4978749,9328.10732691,23152.7264698,10215.4689502,20955.2261046,3419.5263305,50261.0264118,Holmes Middle School,2.27576262392,71.4122861845,6,1,3,134.877837863,137.629998249
273,273,12.5663706144,67763,20942,46800,23363,25157,23256.6594711,6775.05936113,42640.2645081,12013.9428105,26786.8428079,11348.953595,25045.9877807,2530.45593418,67450.4801697,Pleasant Grove Elementary School,1.74123555071,74.663805377,13,2,7,162.105654543,170.374507882
