TEA,SLN,adupopE,adupopM,popE,popM,belpovE,belpovM,kidsE,kidsM,cbpE,cbpM,u5E,u5m,u5bpE,u5bpM,econ_5t17E,econ_5t17M,econ_5t17b,econ_5t1_1,juvpopE,juvpopM,unemE,juvunemE,urE,urM,medincM,pyrE,pyrM,AreaSqMi,blockcount,lwjobs,mwjobs,totjobs,paydayct,creditunio,retailbank,medincE,MEAN_eco_2,econ_popov,econ_pop_1
47,47,43631.1451683,3760.0032606,52914.366362,4734.30496315,6697.77544041,2765.75669904,10953.4175907,2358.17659087,2187.39656034,1369.41318987,3423.1188826,1482.29580513,795.624192539,670.799203009,7530.29870815,1954.13718121,1391.7723678,1012.70253058,5477.9563284,1776.79281781,1547.30845965,790.448283709,2.98285616105,2.35454913437,16846.5966355,14.7312509683,67.0059707934,12.5663706144,427,16017,20096,66643,7,2,34,66860.2975052,11991.7273748,43629,3761
69,69,15043.6212353,1511.11290155,21903.3803619,2095.30024227,4632.84135836,1723.20795255,7888.29773939,1399.28719161,2254.81329651,1106.35944809,2233.1212382,667.994954425,714.253427291,462.611936946,5655.17650118,1188.57354533,1540.55986922,801.739275648,3052.46359324,776.670058593,737.063263701,770.304410234,5.04594219776,2.88514910434,8234.30840214,22.0528464098,24.202937112,12.5663706144,70,412,692,1802,0,0,0,23866.9719092,3175.47347876,15043,1511
354,354,13198.1006434,1384.275295,17575.513505,1991.04679888,4609.08645591,1450.72063316,5171.28662654,1342.6218447,1899.93323108,862.732975886,1199.70164395,532.812457449,407.381204082,276.334264827,3971.58498259,1113.5143616,1492.552027,710.596644117,2132.44242467,744.103143312,1267.72236371,458.443519019,8.40080051811,4.5596600557,6812.16567137,18.6626694381,41.4194840959,12.5663706144,43,739,1373,2994,0,0,0,20214.399823,2603.76992739,13199,1381
62,62,38313.3877003,4544.02433403,45235.4924003,5646.20950389,13860.8321629,4208.12173982,8252.77868292,2821.42638978,3909.52511056,2358.91801227,2587.18190352,1463.42287573,1182.43948141,1010.85841683,5665.59677941,2164.91852974,2727.08562914,1742.64537671,5138.06715157,2055.16984282,2715.74268912,1339.80777273,7.94471782312,4.90595606765,8692.42930902,27.3006439762,65.8745552873,12.5663706144,591,18924,35020,158290,12,15,30,26579.1763431,4809.64173054,38310,4538
76,76,47764.3786179,4064.23504713,64883.7649447,6276.17477644,14155.8074833,5729.48514153,18863.8418697,4165.41432249,6309.80299421,3405.96670857,5749.21603009,2266.01002743,2001.02362509,1455.98513638,13114.6258396,3242.50361166,4308.77936912,2506.81817064,8172.52121804,2490.27360477,2186.35357627,1831.94780501,4.30773145956,2.96258096477,7663.86645682,17.2925056301,33.5941929714,12.5663706144,224,5123,7413,20723,7,7,4,28924.0361927,4264.0119327,47759,4056
353,353,39973.856126,3918.89755542,56767.7695203,5577.49076847,14518.3086387,5342.38936066,19184.3560455,3545.80524939,6999.7031509,3357.1537167,5198.33660586,1925.26886838,1733.84198284,1304.85089857,13986.0194396,3000.61468343,5265.86116806,2660.09837158,8715.11407541,2392.50855956,1843.38930151,2715.11568615,4.61259846516,3.37584495982,7418.49598603,26.8332341243,31.588649189,12.5663706144,178,4372,8387,21652,2,0,1,24000.5438858,3094.79484699,39965,3918
53,53,54472.6647507,5438.33727622,67850.3644662,7288.18516532,13110.9497587,5055.84913329,14644.9405089,3896.11481508,4621.89328633,2880.34970555,4925.24224632,2081.1831582,1408.8415276,1242.79893374,9719.69826257,3173.57969444,3213.05175873,2243.54111833,6669.61178697,2404.68945071,2310.48216275,2026.206637,3.8806571218,2.65674016998,15898.5493781,30.7617744142,60.5927858226,12.5663706144,541,5409,6439,17969,11,7,10,44739.6076922,5395.11661562,54464,5428
55,55,44209.143567,4468.3480837,49695.3486347,5308.2722701,6510.69668434,3448.11551897,7742.75789025,2280.52180745,1302.7427612,1273.87073871,2195.18406385,1211.83096193,526.936929098,684.310223366,5547.5738264,1931.79158317,775.805832103,844.550548409,5000.4256758,1999.14530082,1340.3652841,509.687705337,3.23738655652,14.6450749545,12956.6774846,7.92170094368,57.2467654133,12.5663706144,501,14588,28594,108354,10,3,22,34882.4679238,5872.37497413,44208,4467
79,79,42345.0088596,3795.51373801,55575.8457096,5005.87185889,9884.76296253,3706.02761684,15218.8403726,2726.96932475,4208.6334808,1948.7186228,4391.43021785,1456.26733359,1448.24662959,900.291505981,10827.4101548,2236.47735359,2760.38685121,1371.01189435,7352.34126622,1975.56546891,2002.05609566,2319.4084513,3.61293334146,6.7764302409,9012.90408743,17.4655388778,63.5982444559,12.5663706144,302,10091,14866,42201,23,1,11,34485.9218932,3980.20391362,42342,3791
77,77,40867.173237,4125.62194334,52547.2657854,5912.29434814,13057.5064849,4709.70860584,13386.2672157,3540.20705672,4997.98058205,2882.07891914,3521.99888998,1777.51790941,1351.98156195,1152.99332688,9864.26832568,2884.43446354,3645.9990201,2254.46296735,6456.73655948,2151.24831889,3353.56153603,3753.76158857,8.54457974977,4.63938908489,7545.24592755,53.115696682,59.5060734349,12.5663706144,376,6527,11596,29192,9,3,7,26630.3992156,4973.37928655,40864,4109
68,68,40345.2473145,3868.43404509,53438.4457837,5536.42598499,12969.2353058,4336.12886636,14857.6893872,3511.07392556,5605.66895798,2643.11981367,4199.99066458,1652.64656582,1506.21161164,1061.62591472,10657.6987227,3037.14960809,4099.45734634,2114.66411964,7466.42892726,2103.6870979,2595.19657233,1699.94984161,6.97729490825,3.86376058917,9058.38567442,27.8228469895,37.658248995,12.5663706144,264,4130,8225,22666,9,0,10,24997.8585447,3656.81482624,40346,3842
59,59,64594.0433389,5686.43687151,88395.1341883,8226.25200292,18248.8814186,6786.58700466,26756.4439215,5499.50395256,7804.99286764,3973.68516477,7474.89585238,2845.56278998,2237.99560326,1611.01060139,19281.5480691,4516.50038857,5566.99726438,3005.74508973,13204.8084391,3367.81258949,4571.75628544,4372.96438846,7.67742200375,3.49294943082,9418.71738541,35.042976509,33.1113868336,12.5663706144,230,3201,5019,10561,17,0,7,24607.4651765,3030.45258581,64588,5665
48,48,48370.4347196,4054.93525728,63579.8800816,6062.01654565,11599.3961879,4755.25021443,16509.1021563,3779.64052321,4880.46265109,2813.22397051,5170.49873366,2092.68360038,1579.87401179,1240.20039561,11338.6034226,2920.63646827,3300.5886393,1984.02839232,6906.59591524,2240.51543942,2065.832386,1707.05920035,3.46506805239,2.31604467787,10316.2953827,17.5558514521,43.5570762099,12.5663706144,246,2920,4045,10436,10,3,7,38614.9137446,5401.29308588,48371,4052
50,50,41036.896761,3189.70589397,52256.9749754,4293.92066295,6957.15560163,2929.34779754,12582.7115127,2425.50215296,2767.03147239,1631.16176606,4607.55159367,1520.93814635,930.015776912,701.004954023,7975.15991906,2025.87727523,1837.01569548,1217.18911857,3921.84920379,1494.75950996,1237.60758648,1083.82706151,2.41888354253,1.82198178764,13662.8813525,17.5406364054,54.4158791361,12.5663706144,299,3907,4887,12460,8,0,6,46480.789846,7203.26657366,41041,3195
72,72,31292.922076,3621.36027723,41610.5943266,5042.03524709,14738.6900718,4300.86141621,11521.9072992,2991.77855969,5432.58214166,2526.80924518,2809.06333425,1332.02553914,1429.4044105,995.110134627,8712.84396495,2482.19606215,4003.17773116,2028.68489028,4737.36916629,1689.26852999,2760.97403851,1459.34866258,8.97863791305,5.42577371617,5744.81386532,30.52552858,51.2728396579,12.5663706144,95,847,1088,2598,5,1,4,17948.0027692,3204.33399252,31293,3617
43,43,36464.7536901,3384.08539669,49752.1421209,4841.00706377,11923.5052465,4481.80107937,15021.633519,3245.05163384,4899.08320175,2546.72070688,4244.36403693,1760.02413455,1250.64364502,939.009261652,10777.2694821,2528.35754179,3648.43955673,1960.69239914,7222.10697751,2071.45350792,2751.95637677,2813.72660316,8.25019297684,4.00389481606,8723.54358204,40.0351145713,32.8145569435,12.5663706144,155,2570,5160,12477,4,1,6,24645.8254665,3513.70328635,36455,3369
100,100,55059.2522936,4806.08983716,75789.4519932,6998.94161222,16637.6892243,6127.76139577,23364.9199907,4668.13424571,7155.07580036,3552.23487702,6471.18912354,2498.47024975,1957.33322339,1359.48434796,16893.7308672,3792.57506165,5197.74257697,2729.35303989,11273.1484538,2897.75187683,4144.9178288,4073.74716309,8.05454865951,3.6612313223,9562.64959309,38.3680482402,32.4813916269,12.5663706144,203,2623,3791,8893,9,1,7,24810.4478456,3264.39862408,55053,4780
284,284,39029.0500913,3184.97328156,51458.338708,4570.30279244,9243.56752597,3821.85878907,13993.1377418,2795.79614771,4209.57710593,2339.98468831,4979.2927285,1684.08438854,1382.68265106,956.004040717,9013.84501329,2257.87116926,2826.89445487,1764.07064341,5203.60254759,1771.06197071,1593.38346217,1647.37680075,4.37564372421,2.66034168539,10200.3335663,27.9207889907,40.7195734641,12.5663706144,306,6471,11934,32576,8,0,4,33643.7886859,5096.61222216,39028,3187
280,280,55781.5632398,4865.05435279,67385.2971086,6649.13184371,7107.54579007,3477.46272066,12772.8596711,3678.37124933,2526.68894399,1797.30124803,4708.680306,2469.53993319,824.311518865,892.817735214,8064.17936506,2899.41568912,1702.37742512,1303.6552526,6948.00859695,2802.37232498,1921.16661993,1098.63781209,3.01745130654,2.31605346372,13287.2453418,14.2582384031,50.5355043812,12.5663706144,392,24681,38679,152262,10,5,25,49624.9277009,6334.38734624,55782,4862
169,169,39629.8658005,3430.68486434,46604.0231284,4247.66537107,4558.26408565,2282.03491221,8440.9977273,2058.51732799,1288.77014584,1155.25411843,2535.12178666,1200.53617176,458.3793417,523.135528237,5905.87594065,1758.79076836,830.39080414,828.604815072,5049.0870681,1683.93128102,1245.61740742,666.225099239,2.98853850971,2.42156255643,13973.6999586,9.58013286161,62.245150096,12.5663706144,372,13266,20087,70860,5,8,26,60602.0023806,10618.0763227,39634,3426
167,167,15750.1603935,1558.44541319,22831.3288174,2203.45661517,4766.13827053,1761.06809782,8194.78578248,1491.39878453,2225.72836514,1152.19533348,2456.38161965,768.919419606,731.027096707,498.163388107,5738.40416283,1224.56232062,1494.70126843,813.554106121,3349.41678131,863.553306255,818.584721734,821.424166166,5.70660221549,3.00971037443,7687.42200772,23.4577625263,23.5446755544,12.5663706144,75,413,652,1551,0,0,0,23468.7862375,3307.15487584,15748,1555
187,187,14931.2602601,1283.74539615,21294.6220191,1827.65937969,5209.34488896,1700.90866629,7053.19284027,1203.23215614,2277.96135936,1002.96841281,1812.93042408,599.305245915,524.499067779,337.460534026,5240.26241619,1015.78706762,1753.46229158,803.507603162,2962.79174354,764.903897174,697.695277178,455.812702004,5.62506092407,2.7514231294,5778.82986821,20.1060030629,29.2928095157,12.5663706144,65,454,814,2103,2,0,0,23379.1445029,2505.67867687,14931,1280
305,305,8114.20686915,676.164830442,11528.9728806,1025.1980938,2430.27352467,923.191069458,3787.34324933,700.770655463,1102.42201778,535.220155083,998.280649953,308.852964706,268.703480107,185.401409019,2789.06259938,581.09806257,833.718537677,420.908347861,1621.30810764,419.316982469,387.549223801,298.593983933,6.82140207558,2.85930866335,4467.84997005,27.7687596617,33.4883833394,12.5663706144,41,332,523,1468,0,0,0,22625.6903208,1823.68824684,8117,674
142,142,18291.1639802,2157.9513924,24223.7803843,3048.14925864,7814.54161723,2288.43907489,6776.86244853,1962.85202136,2984.02862243,1371.24192106,1811.67759586,864.376867894,806.408417222,537.706245823,4965.18485267,1560.62759165,2177.62020521,1085.39845409,2883.88224483,1059.7132919,1788.21967019,833.610783323,9.24369303872,5.46417956955,5603.15228067,19.7747841434,57.0485637552,12.5663706144,65,915,1481,3379,0,0,1,17385.3032897,2816.05857162,18289,2154
301,301,6624.3106725,509.786359277,7450.41467491,623.788165339,1851.46354234,607.78733669,2233.58903623,446.969270546,854.500037925,379.458417474,519.630336491,209.390134881,180.194204162,140.49290237,1713.95869973,369.301906863,674.305833763,300.554419781,1153.97512206,316.581230602,580.600494692,433.403527526,8.48423830294,4.43519437997,5887.24475141,30.4724320493,51.6554639971,12.5663706144,39,1046,1448,3799,0,0,0,20070.7789836,2524.3401065,6624,508
235,235,30786.6831598,3170.92152563,41601.6457067,4725.2635211,12872.5608821,4280.43491482,11924.6565532,3250.23510696,5366.53048413,2798.69265406,2988.11667479,1357.34053483,1696.06356989,1085.04779244,8936.53987839,2775.42023429,3670.46691424,2160.09514935,5028.99093201,1710.14535583,2492.25255145,1613.28889152,10.7606409737,6.35513072518,5694.31743868,45.310004454,46.6980389404,12.5663706144,121,3083,4010,11243,6,2,6,21770.9177905,3804.27465345,30790,3171
175,175,29511.599898,3062.99059885,39847.8162883,4574.25406927,11873.4326893,4161.49315351,11435.7917412,3165.28503367,4904.42303161,2676.79738679,2601.19940778,1225.62822241,1480.46527022,968.586747456,8834.59233343,2785.52729646,3423.95776139,2143.47917014,4729.81065309,1639.79383805,2501.63700361,1368.61484424,10.7928429099,6.20648823529,5918.06079946,38.6934317336,43.8784885115,12.5663706144,101,2105,3527,8319,1,2,3,22266.4064812,4251.31096997,29515,3062
264,264,29878.3938202,2909.42894185,40666.5239663,4440.38046335,12212.3680657,3922.84138416,11988.9219041,3118.46718403,5141.62155992,2615.91310089,3296.49561892,1431.03470881,1594.37922752,1035.88536999,8692.42628518,2526.25093905,3547.2423324,2012.53741687,5118.5102938,1660.76874929,2459.81877878,1984.87706655,10.1934003286,5.88540391744,5602.34839333,49.0090900773,47.2915496721,12.5663706144,147,4566,6309,16590,10,2,6,22848.9555682,3674.88697771,29882,2907
226,226,23765.6169943,2535.34618238,32181.8638673,3824.28737162,9423.12850481,3373.84317334,9347.68338449,2663.9544794,3818.6842945,2140.26763164,1873.35367616,940.357817241,997.106487007,687.096392876,7474.32970833,2356.52420646,2821.57780749,1766.43096978,3745.66575718,1315.86368875,2160.97981178,1205.73306435,11.3216334301,6.48600370433,5839.3284795,41.0299094686,42.2314365808,12.5663706144,90,3293,4701,12795,1,2,2,22243.7804635,3843.7761267,23767,2528
109,109,24598.6584182,2392.00944037,35520.1658031,3612.84679479,10954.1754261,3467.60009106,12273.340685,2296.41350309,5352.78269514,2123.43304099,3448.53754582,1272.54757588,1651.60781187,920.820564555,8824.80313916,1891.5255966,3701.17488327,1601.19389022,5283.68717634,1471.67795335,1057.61001181,360.757864424,4.73025980113,3.10737559486,6235.63281925,3.97354798266,47.5580242879,12.5663706144,101,1038,1460,4022,9,0,0,20555.391346,2937.55271231,24594,2388
117,117,20391.9871478,2198.23059178,29429.0407269,3259.73450831,9653.64037417,3054.48674737,10012.5341959,2054.29230841,4887.23699202,1914.58382628,3025.21814138,1138.44029473,1526.93900768,877.477264005,6987.31605447,1676.75739609,3360.29798434,1460.20933317,4179.75036855,1231.17269153,846.059009812,166.271922823,5.18632628562,3.54637602209,6212.88173318,2.96790576748,58.5115779343,12.5663706144,58,598,961,2797,3,0,0,19431.0859465,3069.83481651,20391,2195
266,266,27204.8526767,2797.3059672,39241.8444702,4195.31964177,11999.592993,3835.8269976,13470.0798926,2620.03341472,5902.43765989,2384.99307465,3866.10699534,1434.42043745,1832.49033995,1049.40591332,9603.97289722,2170.90002618,4069.94731994,1819.54470408,5834.29549355,1668.8635559,1094.60763245,347.515344986,4.51512337034,3.0657134239,6691.49763996,3.65999455896,49.8332921883,12.5663706144,95,1093,1566,4198,8,0,2,20436.8402046,3017.71418673,27200,2790
108,108,44568.4563384,3729.48534596,59348.4270348,5751.95633705,12479.732279,4980.10741494,16107.6605177,3771.19252404,5471.13640532,2974.51361137,4958.65476076,1942.25357116,1803.58445338,1248.2666143,11149.0057569,2971.04835441,3667.55195194,2180.83122258,6752.73293087,2133.07366762,1974.91693262,1918.52537761,3.9511827699,2.75699076679,8648.30166764,23.4867041907,41.8403997347,12.5663706144,231,3143,4663,12126,8,10,4,34249.4116855,4377.49178634,44560,3723
129,129,47735.9634365,4024.22018585,63894.4290865,6124.42954376,13183.3235104,5302.35739393,17582.2256735,3964.54369556,5779.19701916,3139.44520342,5491.75247626,2173.50733486,1897.87937645,1360.6285033,12090.4731972,3091.23194415,3881.31764271,2298.32362459,7413.77846848,2352.60312057,2136.28531206,1801.75216994,3.93515682433,2.75184340678,8164.03172747,17.6283654801,37.3452118223,12.5663706144,234,3615,5578,15235,7,10,6,33615.0756082,4720.06450532,47734,4019
218,218,50071.8757703,4298.14888176,67380.6828266,6550.12714502,13046.1403245,5442.50525309,19061.538266,4210.65492996,5541.86816608,3187.47867427,5706.99299198,2340.19175855,1748.75406861,1400.41205063,13354.545274,3245.10662842,3793.11409747,2291.70258405,8489.61918578,2631.3310556,2406.85323146,1930.19468543,4.40873539665,2.86678090386,8419.62912472,18.3338057377,35.2775906054,12.5663706144,245,3890,5690,14875,8,4,9,31468.7816063,4703.07509501,50077,4294
216,216,45796.9635395,4448.70942533,66206.4203783,6493.65064255,17408.5739736,6032.22341882,22956.8657834,3992.37157576,8262.79794171,3764.74390466,5767.03121132,2050.46646516,1920.92916026,1353.34356609,17189.8345721,3491.37442003,6341.86878146,3061.17877062,10091.2337436,2697.44734782,2231.75247778,3336.5959646,4.77632378351,3.33947736181,7018.86574566,31.4886134248,32.7478088865,12.5663706144,173,2908,5657,13907,10,0,5,23026.9776247,2717.33665762,45791,4445
139,139,35549.3694314,4226.09194161,46351.7115591,5869.22535672,13619.8286032,4836.47307982,12227.3372607,3487.07725706,4967.48353821,2889.17992621,3380.32043235,1586.13375619,1362.04418549,1105.14961687,8847.01682838,2853.16329362,3605.43935271,2231.32071193,5335.96784254,2031.24274619,2737.54805991,1646.59274927,7.86590140307,4.79319430183,6886.35232174,34.1047644151,53.9763257768,12.5663706144,340,3362,4876,14558,9,1,5,22191.2071543,3805.90377211,35548,4212
240,240,45046.1262103,3885.36387112,61938.0885388,6060.1693529,15185.3397347,5870.12748132,18960.7289581,4188.89206667,7109.05337913,3621.44480843,5431.89095817,2097.36688062,2058.556028,1436.58491222,13528.838,3369.80319029,5050.49735113,2730.12744817,8196.08431895,2323.78660945,2059.16468505,1991.98703048,4.57226929948,3.22062799526,7188.954892,20.2740632043,31.0013066388,12.5663706144,201,4820,8300,21774,7,7,5,25163.9993462,3678.57977662,45037,3883
128,128,27646.1806755,3430.02897448,33138.9870917,4380.76418099,10749.5074903,3188.5063033,6530.86517793,2251.91594603,3044.0870762,1784.98253049,2070.32952453,1170.84855627,948.998660946,801.390295227,4460.5356534,1686.16150708,2095.08841525,1277.81499881,3725.10347326,1566.28835715,2294.66230349,1162.55772395,8.77952321141,5.56545983965,8105.49180761,31.337422917,69.6760981085,12.5663706144,389,7020,12556,48925,7,5,5,23021.2004988,4599.79586685,27648,3426
200,200,23769.8818044,3082.85816223,31523.8345642,4361.70905338,10448.5089508,3535.97836449,8754.6532109,2613.04889234,3816.13017712,2116.94975652,2560.31637872,1193.73540788,1127.97903406,870.205212651,6194.33683218,2055.116813,2688.15114306,1572.96739454,3553.66332022,1483.18649738,2363.11534965,1132.03373878,9.19664886396,5.8279086598,5993.60479758,29.7221964145,54.2492406822,12.5663706144,214,2055,3026,8670,5,0,4,19711.0537452,3600.26672423,23771,3072
201,201,21350.6153212,2871.392931,27020.9536029,3874.12508964,9280.27919248,2953.07818775,6476.86168799,2178.77771174,3014.88497491,1731.3546731,1982.88481263,1043.39461535,928.180553621,737.215662167,4493.97687536,1652.96690323,2086.70442129,1255.22325374,2960.95374042,1348.85927016,2116.06285091,922.413632262,8.96862279327,5.97627961945,7156.6797063,29.9705345404,64.5636708556,12.5663706144,225,2056,3287,8936,5,0,2,20211.0973186,4205.736153,21351,2864
232,232,41939.4353643,3670.44358851,56725.5779932,5667.67667445,13570.8963866,5367.64890633,16580.9031225,3845.39453063,6164.63217452,3277.01119023,4835.10648277,1851.41230142,1899.55602094,1294.14125162,11745.7966398,3142.1728544,4265.07615358,2478.16564206,7113.57837159,2155.08941214,2121.41337632,1907.17951449,5.1345550462,3.44172474144,7083.15176367,24.7046740424,37.754124501,12.5663706144,186,2949,5350,13404,5,7,4,26586.1028859,3949.91156691,41931,3663
209,209,29671.1027128,3139.01751709,41118.5773944,4720.21614617,11530.8038855,4289.65628066,12956.3401687,3086.99293525,5072.49921124,2592.67956513,3480.05156157,1412.83907874,1281.45177406,972.501553605,9476.28860718,2572.45696798,3791.04743718,2083.96741621,5011.4696593,1600.08163363,1976.78216944,899.83452011,6.74723822,4.40061868874,5918.37153278,18.0987787364,38.8836875456,12.5663706144,131,927,1844,4699,2,0,0,22192.809917,3737.24916307,29661,3129
155,155,40315.50026,3916.96265539,57688.1824472,5649.7632168,14682.394155,5291.55131666,19687.7555403,3516.62555508,7026.61341531,3313.58534542,5030.09021914,1849.05100453,1645.02315216,1243.63494264,14657.6653212,2998.89979543,5381.59026315,2629.44227811,8927.96926188,2400.07622339,2011.48986053,3165.44201714,4.88154251033,3.43956591294,7283.10483653,31.2395008898,32.5239992772,12.5663706144,168,4003,7548,19345,2,0,1,23494.2963177,2788.23850086,40310,3910
247,247,40593.9091722,3849.77261343,56948.2410264,5691.73158711,14425.7734214,5433.68218842,18489.614338,3726.76044418,6918.81707466,3355.41582368,5084.32403983,1880.86141624,1766.5874839,1269.34036331,13405.2902982,3147.62802527,5152.22959076,2681.20554375,8144.20734402,2219.55789351,1675.99212985,1981.86536151,4.41674954552,3.3508478925,6910.25669963,20.5453474667,30.7402341331,12.5663706144,181,5246,8799,22012,5,1,5,24152.8836265,3416.49308492,40584,3843
162,162,67162.7774741,6122.6115867,76458.2729917,7372.41148128,7179.36868792,3529.30244091,13104.4474923,3067.35048527,1198.57929998,1272.36310864,4791.63759131,2210.57669667,507.790297269,799.924198379,8312.80990094,2372.36288136,690.789002711,873.072735939,10980.4248401,3338.93464322,1804.96654981,2101.26709648,2.27161186088,2.07553419695,24488.4221583,18.9662018127,53.9366555871,12.5663706144,701,13647,16017,51027,10,0,30,61906.8396364,9418.42672005,67158,6109
174,174,71522.9143154,6819.20716977,82187.8764439,8431.5195692,11064.8510316,4633.97707947,14304.9416866,3843.33205108,2909.76330011,2243.6459219,5155.08083473,2414.62449833,927.362087325,1086.67213884,9149.86085185,2995.45808744,1982.40121279,1733.47005857,11126.7607941,3386.46510171,2259.16229473,2009.89170789,2.6277097747,2.21115820374,22494.011329,17.1009624852,52.5808714292,12.5663706144,716,13983,16356,51700,12,2,23,55881.3676803,7744.21278983,71517,6806
177,177,60754.8191304,6094.88541007,74342.4106727,8036.61320761,14163.1257565,5441.61176544,14963.2905282,4128.66572027,4709.31107631,3030.63884591,5086.69916825,2249.31561681,1357.96082497,1294.27003904,9876.59135993,3327.2054798,3351.35025133,2387.99538912,7941.00543609,2774.08562525,2453.64539845,2094.10525503,3.69430250645,2.58212277946,16425.3794036,30.0061205182,58.6476879402,12.5663706144,639,10705,19626,66939,11,3,20,44606.5539072,5680.03070518,60752,6087
184,184,92859.7984894,9119.12404163,103992.489613,10672.7430924,13562.6267851,5601.02564322,13619.0573115,4170.24563326,3293.12423502,2474.93658182,4653.47593913,2527.39344721,1097.32372678,1287.45021558,8965.5813724,3215.10567228,2195.80050824,1858.38890027,12648.0431911,4575.16151486,2601.89050823,1366.76669122,2.65088464076,2.34410799908,20149.037648,10.7587950741,40.0935585745,12.5663706144,931,22258,36716,139285,15,4,49,59030.0105037,9362.66468759,92864,9110
203,203,61974.1761505,5584.1033239,73921.0375473,7336.27110875,11493.1844548,4605.69411272,15433.1513315,3652.64090298,3576.83496948,2206.4554157,5766.03451719,2289.51143094,1261.11435771,1060.26780744,9667.11681432,2913.79170844,2315.72061177,1599.62263426,10148.460647,3040.52786795,2392.95342037,2035.34081552,2.75323548487,2.13553392445,22681.9069049,16.331590027,65.6207817021,12.5663706144,436,14869,15885,51175,16,0,26,55526.3286088,8320.62787999,61975,5577
281,281,90047.6443968,9046.54875187,101469.863806,10685.48274,16039.4837676,6174.02020269,12841.4358957,4205.54975933,4343.12434324,3010.69091687,4498.24419138,2469.51457603,1324.09811817,1408.33150899,8343.19170436,3257.05714452,3019.02622507,2334.98342197,11781.0597223,4393.01473476,2825.6076226,1514.92405536,3.26599530543,2.48393881883,13975.0845898,15.4654420431,39.6516017394,12.5663706144,1007,27586,48271,201154,16,12,67,48819.3300927,6952.21980938,90050,9033
145,145,44758.8768036,3995.87567238,58333.2402711,5241.33875039,9282.79699846,3584.1250677,15392.1585337,2811.9190042,3903.05895296,1835.4653478,4344.44915628,1459.40561982,1325.19452832,858.408884379,11047.7093774,2412.44827177,2577.86442464,1309.80901953,7127.00135694,2026.11178582,1975.35050636,2076.69176194,3.02680701427,13.8078440095,12096.8973844,17.7403121871,55.2091416449,12.5663706144,320,6345,9648,38692,16,1,5,44023.3377467,6313.80668058,44756,3990
168,168,34626.9245969,3510.47881661,39958.6330155,4322.30979117,6819.10923601,3182.493667,8053.89460335,2096.78618185,2054.16470799,1376.83661773,2284.34573279,1056.22175803,732.487733498,626.912486692,5769.54887056,1809.87442235,1321.67697449,979.333475136,5235.06512987,1646.91206672,1462.00312243,1065.60625522,3.60667135987,19.4891464528,7640.39890659,11.2658684674,54.6676389538,12.5663706144,332,14830,28579,112526,16,10,15,24170.0239069,3616.14870737,34626,3514
181,181,48810.7363194,4932.0961089,55045.2576125,5809.48369216,6729.57070263,3588.16090895,8292.49232602,2409.19804552,1313.06186442,1299.56045902,2335.33554837,1307.76728155,530.25399358,711.469500177,5957.15677765,2027.68468567,782.807870838,866.525698345,5265.86609055,2171.39417601,1366.73392287,483.215888945,3.0270558787,12.4472699343,14121.9942475,7.55297225012,54.1441190765,12.5663706144,551,14670,29277,111482,11,2,26,40398.4587433,6707.8878189,48812,4931
283,283,64170.8569666,6203.78479468,68808.9647272,7037.42083456,8750.91410879,3943.04988927,7391.28498091,2481.46707247,1902.28033806,1487.42104412,2478.33031217,1482.30904995,812.443714352,828.261704763,4912.95466874,1942.35682228,1089.8366237,1023.01537406,8225.38295078,3084.89731884,1762.82772348,713.309911485,3.95513028691,3.88640988402,10702.9998984,9.80068189556,58.9359801522,12.5663706144,626,18023,35841,142098,13,3,45,38389.6546418,5868.59180291,64174,6199
188,188,48004.644242,5006.74662441,61283.9600114,6945.09158596,14051.3340681,5305.37301589,14601.0668192,3944.69069066,5163.23079623,3110.83134861,4510.42112766,1955.08789406,1507.75159321,1246.63697013,10090.6456916,3255.02111097,3655.47920303,2458.7252579,6126.72385036,2298.07314286,2651.93442158,2076.1909694,5.66093910444,3.49815784108,10964.1800052,35.988863,55.8506456483,12.5663706144,437,4309,5792,15915,8,7,9,34056.1019773,4381.11022551,48001,5001
202,202,49765.4976238,5505.25134827,62168.5894847,7405.81791027,16596.6815264,5811.49905318,14044.4849325,4108.9906546,5727.32809034,3434.52111668,4322.44558939,2007.43514492,1635.23431159,1360.59517914,9722.03934311,3327.22226846,4092.09377875,2703.58375625,6820.60945749,2518.097157,3075.07775508,2084.24675682,6.40913679796,3.89551257396,8899.93116085,37.5500832283,56.9107441469,12.5663706144,528,9908,18832,67419,11,1,13,28274.6297405,4206.9951442,49762,5495
131,131,73188.9296769,7633.57316165,84900.6451969,9404.30987762,17189.4777008,6223.86020962,13241.0203761,4153.7220052,5006.58774013,3307.22161292,4349.07046721,2279.99943548,1382.89317337,1402.56447259,8891.94990885,3315.84703202,3623.69456676,2644.57550955,10505.4131099,3638.50643433,2987.82254966,1971.41149053,4.35348148538,2.95608731013,11630.8083363,27.4663683405,48.9860429914,12.5663706144,839,21797,41182,174228,17,11,47,37595.1450643,5358.55416427,73188,7624
122,122,21935.0473937,1949.88443145,26133.5727663,2761.27745853,7898.97863392,2373.16530218,7333.79184578,1647.28762191,3045.19455661,1343.59195507,2090.62096248,854.750569738,863.941310126,563.812016467,5243.1708833,1434.36154258,2181.25324648,1090.79033061,4005.10418787,1006.67981377,1732.81760384,1218.91012459,7.35167440884,4.44600177408,5982.40001358,26.5705322486,60.3646589133,12.5663706144,267,7668,21638,75618,6,1,8,20743.0975728,3085.12520983,21932,1940
260,260,31866.3512031,2714.02820647,37156.6558292,3661.10487935,8940.10819726,2933.31890414,8140.93577419,2050.74494046,3307.36871839,1648.57564676,2538.91624439,1135.54388636,1005.33217408,700.262555564,5602.01952979,1722.01203257,2302.03654431,1320.16416934,5171.75654417,1505.60814092,1955.66350689,1619.05596752,6.34319721619,3.81321215947,6412.10443854,29.5788378085,59.0180475553,12.5663706144,360,11464,20509,70723,8,1,15,25778.9234822,4009.72357565,31873,2703
105,105,17114.9377691,1615.56264916,24642.2096172,2333.93957336,6589.5060599,2265.40848498,8236.84874321,1598.56733024,3355.49342267,1396.34651626,2359.13773274,813.568927493,1064.23875008,608.33631103,5877.71101047,1400.34877471,2291.25467259,1117.43337492,3671.03930745,1060.23097897,1079.74011332,631.915108892,5.34865044199,3.1864724625,11259.540365,14.7868456707,33.4009990613,12.5663706144,135,2251,5285,15032,0,1,3,22243.6068869,3202.21825224,17118,1606
103,103,14961.7343032,1473.4033989,20842.6240017,2146.34115796,4709.81016409,1768.29018827,7001.26096985,1275.25824444,2301.56585911,1067.12839093,1851.96417412,678.305341907,814.518523217,518.596369216,5149.29679573,1119.21190286,1487.04733589,783.508317451,3228.13459036,937.738699405,1031.50206091,581.897470173,6.81878348885,4.04915297955,10317.9624235,18.1377159369,33.977388983,12.5663706144,108,2124,4031,13727,0,0,4,21506.4297074,2946.39318267,14960,1468
116,116,46427.4902232,4137.43604212,60820.089492,5426.89748116,10098.4139929,3861.71560771,16323.5968065,2903.33819022,4279.69416167,2026.43902158,4780.11865918,1588.56584869,1492.6858936,962.150637518,11543.4781473,2425.33946994,2787.00826807,1404.4443961,7633.17389438,2103.04040818,2121.5996039,2421.75771158,3.55059472316,6.47354803043,11053.8533083,20.1044639715,61.2227943021,12.5663706144,347,9734,14088,39367,22,0,11,39268.100205,4891.05654844,46428,4127
278,278,48560.2712981,4310.51639033,63599.7625456,5641.83591604,10190.2063358,3916.05173509,16958.7288002,2983.75405821,4318.46823044,2056.11407404,5000.56253371,1681.28151606,1511.99181605,986.894906988,11958.1662665,2508.92206057,2806.47641439,1418.05962236,7776.94164728,2165.17169317,2189.08423439,2462.93741069,3.58798182899,4.90857229886,12840.2077759,21.1315953061,61.8437630416,12.5663706144,359,9995,13770,38215,22,0,10,42399.2980635,5540.15341561,48559,4299
265,265,15234.6845026,1418.41590863,20010.3099247,2078.24521247,5775.34436446,1752.67585849,6708.50964478,1299.81057312,2570.92512235,1060.56796191,1715.65574231,641.454433437,799.339140037,501.016051313,4992.85390247,1153.31361266,1771.58598232,821.484321916,3390.630152,900.675834925,1249.26713905,727.704444687,8.08992643206,4.73333059079,8371.74630595,20.3440335781,41.1104698678,12.5663706144,138,3255,6881,23526,3,0,4,19448.8266566,2519.83098373,15230,1411
271,271,39842.3463246,3556.24225982,51802.8516612,4660.17983734,9331.45764442,3474.54173913,14118.0412403,2549.04389975,3971.90031473,1828.64337613,3975.46932115,1318.60553596,1344.1401906,828.68040486,10142.5719191,2113.75769617,2627.76012413,1306.39645251,6982.11923248,1867.97911025,1914.37727339,2153.21172107,3.66577756452,11.9385261718,8324.01753381,16.172060078,59.577862351,12.5663706144,272,10411,14745,49175,20,2,7,31593.455849,3806.27384745,39840,3555
272,272,65761.2447444,6030.3226697,90423.2608374,8867.098796,19463.5777248,7105.58567184,27712.0917783,5875.01948578,8393.3020941,4254.31579842,7800.72518258,2973.31071611,2532.41821027,1741.07021141,19911.3665958,4804.99408628,5860.88388383,3202.26464791,13551.5228299,3544.84723891,4906.20025331,5044.66173412,7.8127163926,3.67995528189,9153.4071336,38.2229819809,36.034709339,12.5663706144,273,3597,4792,10486,22,0,8,24551.8402479,3322.2798085,65755,6004
289,289,44193.2884124,4486.94724877,57931.2456905,6548.33683685,14237.1433906,5303.81276503,15633.7776664,4010.47337361,5718.7649312,3265.61893019,4122.28687664,1990.59164255,1602.99289658,1340.19450706,11511.4907897,3262.11144873,4115.77203462,2524.94912382,7458.68318461,2406.76694197,3812.302325,4312.13352432,9.01273960725,4.74519486741,7585.70671294,55.5355530407,55.6689701723,12.5663706144,357,6053,10030,25384,10,2,7,26009.6833784,4736.09484602,44196,4467
112,112,40559.870779,4055.50412489,51501.6404493,5783.19658506,12557.850458,4469.10747543,12600.6755698,3406.16143148,4713.8406192,2725.25453409,3346.06458744,1719.88415961,1277.63692414,1095.13573135,9254.6109824,2776.73994332,3436.20369506,2130.88835323,6212.50377306,2077.19918115,3181.66522846,3596.89184666,8.167371078,4.45138012215,7469.32297117,52.3970235128,60.760023633,12.5663706144,406,7236,14252,40626,9,9,7,27455.2678356,5083.99665443,40558,4039
130,130,65202.9698693,5771.4310021,88983.8913594,8290.70584324,18407.3483307,6809.96083394,26722.4306236,5536.3356239,7927.09666688,3997.8608817,7421.57622235,2816.22795445,2283.27574697,1626.60853957,19300.8544012,4580.99495935,5643.82091991,3024.43413264,13262.5159181,3375.40052967,4371.29055179,4114.0975254,7.1941162337,3.40143210162,9243.25319995,32.7120268292,33.1262569434,12.5663706144,245,3091,5159,10781,14,0,6,24417.746198,3027.36129564,65194,5748
136,136,54566.3403631,4804.47848178,75305.2382739,6859.13353004,17465.2728225,6242.69558724,23122.7178953,4554.01080952,7722.79076977,3602.28554258,6364.1432051,2384.8236011,2038.35268878,1362.77671794,16758.5746902,3795.26585628,5684.43808099,2848.72213374,11052.2978382,2772.99335183,3204.9941787,2432.08193619,6.29678378259,3.2398553778,9844.99178739,23.2518221041,28.3569453546,12.5663706144,212,2978,5261,11032,11,1,6,23277.6700187,2780.92109827,54565,4785
149,149,58090.0185576,5008.22067027,79687.8734148,7094.87676467,17410.0853526,6331.98788385,24184.9859569,4722.12276949,7443.0250816,3570.97807401,6787.89437693,2540.5235321,2034.75313521,1382.2968674,17397.09158,3870.59313877,5408.27194639,2758.59678728,11676.5760598,2930.74804457,3949.12521435,3423.96104881,7.72145500998,3.51424599153,9590.36404457,32.0085094,29.1597094409,12.5663706144,204,2670,4844,9819,10,0,6,24133.4768388,2900.64295779,58084,4987
152,152,64647.7033806,6335.39120764,88979.6073658,9211.29667654,21053.5693898,7581.67604995,27798.9081099,6046.78988,9223.46966181,4683.20221593,7744.74080048,2971.79657321,2907.30320134,2025.12511108,20054.1673094,4911.788592,6316.16646047,3430.28804692,13597.8310345,3652.36360324,5580.5237629,6520.42174619,8.72760571542,4.16068452444,8063.86804501,48.0023369475,38.853236288,12.5663706144,326,4891,7035,15651,22,1,13,23602.725998,3301.82190511,64639,6307
157,157,42378.1675292,4102.61610574,53336.8487073,5987.30231671,11540.545867,4379.10664945,12885.9993447,3551.0737651,4372.20689411,2652.54366889,3511.43773467,1798.61452229,1225.01832016,1102.31833655,9374.56161004,2904.76033658,3147.18857394,2061.04406883,6621.90844702,2118.70012383,3027.58457797,3404.75678586,7.23451971666,3.88067562966,7586.93420025,48.9037408884,56.8574689666,12.5663706144,423,10816,17598,55108,12,2,8,28925.2979506,5103.22077214,42380,4085
158,158,64004.0860085,5915.66516504,86336.9448367,8559.14603218,18537.2804821,6850.95987009,25073.2550567,5600.48182758,8198.3861365,4164.23354521,6963.59780705,2678.48286149,2358.38977097,1626.7618665,18109.6572496,4679.93010626,5839.99636553,3229.4030163,12308.3934369,3332.69700337,4258.73585788,4160.71537913,6.62150648034,3.44721539024,8906.47189356,34.8617140126,40.7803402335,12.5663706144,353,5181,8917,19588,20,0,15,26566.30885,3770.3061466,64002,5885
275,275,53935.4050155,5021.24676924,72030.1865158,7152.00607876,16007.8547405,5797.13575495,20398.3919884,4636.83975198,7157.03264653,3591.58601292,5496.47692592,2165.9342855,1903.8193861,1373.06637108,14901.9150625,3984.74443886,5253.21326043,2835.06645888,9885.33413614,2751.74345461,3316.4210991,2814.91338363,6.09863806768,3.35151672904,9035.23017428,31.3396677839,41.3530239058,12.5663706144,327,4243,8211,19370,12,0,7,26397.1605749,3890.55643738,53934,4987
190,190,58469.7787817,5257.59816191,79580.6181923,7540.6172986,17383.3999271,6253.99989068,23543.033756,4983.01698006,7805.54604771,3769.26707579,6397.38470382,2447.07711722,2170.37627963,1518.58862041,17145.6490522,4203.28753843,5635.16976808,2916.91012743,11322.6474197,2972.84751308,3464.63876445,2642.73138602,5.97740940963,3.18612127859,10058.9681935,23.1436938216,35.132458301,12.5663706144,267,4164,7488,17493,13,0,12,25094.7809062,3506.45714086,58466,5225
192,192,57343.4012703,5704.19422539,77058.5776657,8383.95197897,17315.9818499,6573.44983997,22251.2312719,5295.58239818,7550.20078995,4139.5086478,6021.36174583,2586.71015787,2238.98366246,1749.5047131,16229.8695261,4348.33003159,5311.21712749,3121.05540923,10799.9752621,3143.43665792,4967.45538074,5551.78714208,9.00442847843,4.44540276592,8017.67165154,54.537991272,45.5468891437,12.5663706144,389,5984,9604,23458,18,3,8,26321.3714662,4242.70556191,57349,5681
197,197,51442.6724593,5115.74973265,67588.7286901,7500.19453283,14619.1276887,5681.03580166,18366.2860546,4710.56472081,6283.95739741,3576.14397001,5063.39912233,2303.5868127,1802.99165561,1517.69987454,13302.8869323,3870.94071887,4480.9657418,2734.04725689,9029.27191273,2766.69338144,4067.88146237,4530.22838842,8.13184140751,4.20284013113,7740.10692629,53.7570516296,49.279978381,12.5663706144,412,6556,11521,27912,17,2,10,27509.221708,4524.98087596,51437,5093
204,204,53079.9957884,5092.72508775,70146.1784397,7388.3981084,15657.1517793,5700.0940544,19324.5540011,4687.92595586,6924.69560158,3575.43063673,5312.78234684,2204.88912941,1845.88291802,1365.30785615,14011.7716543,4014.03031661,5078.81268356,2844.64701564,9620.53561116,2779.1504035,3553.46777951,3288.85738552,6.40166386785,3.43269686071,8474.1449985,37.911943095,44.5161556712,12.5663706144,406,6706,12724,29983,14,2,11,27251.8089218,4098.55214455,53090,5067
239,239,65800.2405146,5898.84156557,89728.8700153,8501.11937406,18765.3109837,6889.63880526,26828.143652,5655.5708957,8137.85988482,4085.3251279,7434.81777866,2821.32789172,2371.50421769,1659.15997071,19393.3258734,4692.47848168,5766.35566713,3098.05007632,13219.0290359,3413.73338951,4280.28639269,4072.58324483,6.78001887271,3.36995448176,9170.51588112,31.8541865969,35.1132183427,12.5663706144,276,3796,6495,13239,14,0,9,24595.4590704,3232.91679557,65794,5873
211,211,41933.8714922,4005.80344413,55519.5477411,5704.87916081,13289.052157,4473.54524558,15419.69229,3630.90123321,5774.70841197,2736.87068952,4337.79657496,1711.0005118,1541.04153373,1094.66230529,11081.895715,3135.08725894,4233.66687824,2187.15901148,7731.64228496,2176.61225012,2683.8876229,1803.51271062,6.85935796157,3.78173005924,9052.87622901,28.0700413231,37.9461967632,12.5663706144,271,4485,8790,23332,9,0,10,25217.4604995,3704.84076368,41936,3977
229,229,65281.6094956,6314.57575859,88202.2496274,9088.74711423,19061.9880487,7102.33326088,26025.6278282,5910.56087381,8330.93447724,4386.59207694,7288.55645761,2875.52127358,2599.92184327,1848.73175142,18737.0713706,4844.52860254,5731.01263397,3271.49813007,13010.0167102,3546.43887363,4949.84296273,5507.91644454,7.71017722092,3.85362775534,8082.18204908,43.9831363055,40.796970992,12.5663706144,376,5724,8954,19147,23,1,10,26152.4964723,3696.64825663,65277,6282
171,171,45238.7411319,3836.76202591,55006.746096,4972.23505688,4983.0145507,2384.22584985,10572.59831,2374.43626956,1218.26828909,1068.17717611,4103.42744154,1586.88901848,440.109448521,595.116350579,6469.17086849,1897.84408832,778.158840571,771.177543593,4187.10315747,1744.54761878,1010.98522596,765.074181049,1.85726600142,1.68275208424,22182.5799333,14.2420261311,67.823867908,12.5663706144,470,3880,5060,13056,2,3,9,60616.9325606,7457.83646386,45238,3824
125,125,51069.9724685,4602.39910002,67069.9519643,6544.79555385,11130.4244912,5176.10942147,17644.3911408,3817.78543543,4555.32733291,2955.10741456,6212.39014639,2266.3506956,1421.9842019,1229.51972646,11432.0009944,3110.98780121,3133.34313101,2234.32433429,7977.99586362,2649.93103419,2368.54166381,2780.95902874,4.40333855727,2.80693581326,8797.1461298,29.7060301342,42.8646812836,12.5663706144,264,4399,5866,14334,10,0,7,31207.1940768,5031.63491356,51073,4600
147,147,53014.8817086,4985.18780606,71212.7935713,7248.35278293,12139.3671985,5813.82066157,20159.9206581,4280.13579259,5033.88092306,3302.52044045,6711.22256545,2538.03152083,1511.65826386,1347.53234867,13448.6980926,3453.16974451,3522.2226592,2494.63087975,9256.0617188,3017.0758203,2643.75961151,3199.57393567,4.94550303188,3.1442538512,7884.39275398,32.1793973947,39.8294045112,12.5663706144,233,4725,5957,14773,7,0,5,28313.823067,4325.19760427,53018,4982
153,153,35416.7999976,2649.00186306,43799.8214939,3398.07900654,4028.52517364,1992.79653827,9395.98254606,1818.75490127,1262.6739826,988.702974026,3401.85813709,1147.94488788,460.751641991,451.794146503,5994.12440897,1585.61898249,801.92234061,703.026674041,2548.01791816,1095.78237254,817.620522929,418.906908191,1.89534119628,1.63368149406,15567.2597669,12.2088275024,59.4799778614,12.5663706144,302,2796,3741,9479,7,3,5,51312.2605158,7832.93679982,35420,2650
159,159,58249.4865305,5205.5399032,72141.6583686,7043.70285035,12025.7148379,4735.94058896,15550.8347252,3725.29945777,4028.78334684,2380.37355362,5938.72523168,2281.21405833,1464.4989974,1163.87733277,9612.10949355,2975.22116143,2564.28434944,1688.05093462,7634.98824532,2735.58900771,2301.54287641,1741.71590488,2.63226232534,2.10234340626,18476.0952296,14.7711708974,68.925527183,12.5663706144,363,12896,13752,43158,15,0,19,54315.5729233,7883.67391122,58253,5199
166,166,54623.6890469,5063.50677268,73938.7075706,7483.92645384,13873.2004883,5896.76386973,21364.0769333,4585.38260038,5595.49879725,3291.4926435,6510.99895946,2596.33680248,1591.67940327,1368.6345643,14853.0779739,3594.22905185,4003.81939398,2475.30645544,9648.26289656,3009.22430418,2961.22022597,2626.87624132,5.18653370978,3.09464324165,8206.06305604,24.2755494194,35.6050605088,12.5663706144,241,2627,3445,8858,10,0,7,28600.0577113,4269.69344641,54628,5062
198,198,45105.484992,3802.50688497,58304.2932202,5369.52877721,9383.646397,4033.34547275,14717.3727028,3122.89260369,4031.26431747,2380.2232654,5209.90924533,1857.06748235,1343.59015391,1015.56559067,9507.46345742,2508.25552561,2687.67416357,1770.90787665,5754.83417934,1938.39544685,1750.90863007,1645.48647424,3.52749493363,2.29795649283,9990.93416816,21.9075219492,43.6249626844,12.5663706144,297,5005,6772,17928,11,0,7,36671.2225334,5830.95656324,45106,3805
199,199,43726.729921,3770.96123894,55664.3087629,5191.10880971,8655.55491764,3701.38695285,13075.7089028,2942.96127647,3288.70593588,2090.63345252,4438.11411769,1720.68254131,1158.83049292,966.794259098,8637.59478516,2330.87163823,2129.87544296,1442.42677412,5447.56506078,1894.06758426,1890.73105964,1416.00107064,3.42222796845,2.20822794179,10508.6804138,17.9061791682,45.6389314836,12.5663706144,264,2514,3515,8548,11,3,6,39817.7574638,5823.44999411,43730,3770
250,250,34078.353052,3934.5958054,45566.2696172,5489.93746668,16228.1267516,4791.43066403,12814.9288128,3258.06985513,6094.76398172,2850.64728903,3144.44799815,1457.40175339,1593.44111337,1108.81209472,9670.4808147,2733.29729493,4501.32286835,2312.75784805,5248.06209542,1847.41200314,3080.38603341,1794.73166862,9.02813817359,5.44637281844,5889.68098928,33.2870161519,54.01686992,12.5663706144,104,953,1107,2708,5,2,4,18094.7763796,3105.05824225,34075,3927
172,172,57868.9505766,5279.37441947,79534.8194334,7632.63627311,18773.5775573,6706.07017965,24867.7585625,5069.82433564,8211.07146586,3997.05402077,7128.10262957,2695.84087078,2474.65111413,1702.45816397,17739.6559329,4082.48826211,5736.42035173,2980.64782551,12498.1067548,3238.89077583,4926.94799675,5196.01475793,8.6655785507,3.83570042221,9136.64763298,41.0366312745,32.7525616181,12.5663706144,208,2526,3021,7141,15,1,10,24284.5701781,3289.59210806,57859,5247
183,183,36074.6329443,3900.18375404,46676.0278485,5231.57866673,14277.7400686,4970.80356399,12703.0402396,3275.54513502,5489.38678431,2926.54742754,2747.65796024,1392.74611544,1339.83083806,1129.32971688,9955.38227938,3039.60404811,4149.55594625,2446.73006641,6070.37261444,2097.52302646,3200.62530044,2090.6264859,8.86932122658,4.94792689003,6473.57801522,25.3095821875,43.9763316729,12.5663706144,102,1103,1523,3849,2,1,4,21137.3355771,4306.18217061,36077,3894
210,210,37396.573137,3321.23064533,51717.5276525,4581.39435025,11066.9998138,4376.05197515,16092.8453038,3060.52792068,4661.40245856,2363.6364765,4420.90132742,1715.94506198,1200.6357704,882.083752177,11671.9439764,2499.19378112,3460.76668816,1878.86863375,7542.37943184,2028.28542063,2418.7961866,1732.81359739,8.39553331729,3.89026450636,8753.79429949,25.707443555,23.4127703406,12.5663706144,145,2460,6413,15000,3,1,4,23606.2635136,3371.68565394,37394,3311
213,213,34944.6993753,3630.98713987,46170.4974708,5259.53819915,13314.0237893,5003.78105973,12809.5320744,3574.6555336,5570.15656566,3197.82060984,2698.8457307,1373.84206377,1506.8684289,1140.88093295,10110.6863437,3245.63451203,4063.28813676,2619.70664771,5584.7129941,1957.20682235,2565.41974131,1608.52814137,8.29594964066,4.72798289981,6441.4038637,29.3901925388,41.5892736762,12.5663706144,101,1143,1707,3929,2,2,2,23405.9162362,4859.90661447,34942,3625
215,215,29142.0952717,3293.23427267,37889.1237384,4511.02763676,11050.0801827,3803.33656094,10132.4108125,2783.77106795,4051.37213992,2186.86769676,1989.73686701,1093.70521566,862.816920436,694.024706427,8142.67394544,2519.9351855,3188.55521948,1912.04621012,4530.92411385,1667.06462478,2698.19002966,990.197332474,9.32642076434,5.52466185288,6198.84673226,17.2962296413,38.951457415,12.5663706144,87,848,1365,3316,1,0,3,20086.4987323,4248.50036405,29141,3287
277,277,33490.6928914,3158.47368107,45949.4444836,4387.07082758,10657.4681347,4074.42991656,14119.3885069,2871.55063236,4286.69388749,2177.71167785,4097.13402136,1647.2540312,1141.64602865,857.814878805,10022.2544856,2237.88534239,3145.04785885,1654.95166875,6865.53331009,1988.27021748,2616.95336352,2460.30808474,9.00970700266,4.2445795543,9118.38412395,38.1898820321,28.7829780302,12.5663706144,158,2662,6362,16480,3,1,4,24443.802135,3673.27294458,33488,3149
219,219,38325.1904255,3893.52838951,50961.9686244,5522.57921262,15224.5665704,5408.64481781,14774.5895669,3709.42834908,6561.16475704,3436.39714964,3713.80286206,1677.15026688,1788.87266399,1367.30612859,11060.7867048,3289.71739954,4772.29209305,2752.89338072,6881.1156154,2249.37031311,2979.73021209,2449.35572314,7.78612886984,4.28552075408,7146.41641236,35.3094188515,40.9421089408,12.5663706144,120,1764,2098,5482,3,2,5,23309.5786492,4237.28084874,38328,3884
225,225,42442.1455081,3958.55697903,57636.5699942,5652.65052259,14609.9460744,5333.89966238,17615.4577563,3835.95293303,6285.19120895,3261.09401413,5054.09031012,2030.96220391,1860.1209577,1351.19629457,12561.3674462,3105.52999948,4425.07025125,2439.16715419,8851.99680793,2498.5827936,3583.24944287,4090.29430776,8.3363974918,3.90649825448,8620.89415987,45.675721317,37.1859326389,12.5663706144,162,2493,4009,9795,7,1,9,24676.8971184,3604.56603028,42440,3948
274,274,33330.3060712,2948.36840276,46466.1170418,4182.31612614,10304.9662843,3960.7771224,14541.2256955,2783.06725567,4501.65340323,2181.15696408,3956.45866455,1530.50887085,1157.11002949,811.191153028,10584.7670309,2303.12136382,3344.54337374,1763.56189493,6768.08522814,1766.84366002,1891.62797281,1091.76965171,6.90815533849,3.38806795385,8437.73387129,18.9382280513,25.1259062635,12.5663706144,133,1882,4413,10605,0,1,2,22739.2572041,3129.23622358,33327,2933
236,236,17151.0685387,1743.5748667,24249.7087108,2437.61883009,6226.30162697,2321.72057666,7823.86359861,1601.71071018,2950.40033664,1363.89515125,2150.3234862,834.577285167,743.701066062,495.22304374,5673.54011241,1352.20245041,2206.69927058,1128.06126656,3525.50568096,1021.81946063,971.226974066,483.736793452,5.44019253229,3.06940137862,8901.32739352,14.6020508128,34.4145905566,12.5663706144,83,1035,2809,5498,0,1,0,22213.2130343,3205.51174529,17151,1738
164,164,50778.6736773,4543.95371009,69888.6445183,6483.83437118,16352.4430215,5745.41817766,21243.7955081,4338.22314714,7523.8130367,3419.57449977,5768.76069,2184.41083208,1991.55443483,1328.85091575,15475.0348181,3669.29701719,5532.25860187,2732.32711894,10249.5102399,2631.01222606,2860.51577984,1737.2974094,5.88524327902,3.18610969854,10364.5911614,17.5768086358,30.0760207752,12.5663706144,213,3969,6835,16401,11,1,11,23662.4525132,2941.44283425,50777,4520
287,287,46497.1147427,4021.65747141,64349.1422857,5779.31191012,14906.3526896,5402.11916563,19804.3422,3856.34273323,6673.80639443,3092.0380833,5434.0183885,2036.16431953,1733.06431941,1155.18884042,14370.3238115,3225.16996061,4940.74207502,2483.66359363,9396.71278138,2341.64876214,2478.66112916,1548.93057957,5.67863763081,2.99697847315,10001.2965088,17.8294594002,26.3644935129,12.5663706144,178,2740,4745,10240,6,1,6,23288.5662068,2869.90645162,46501,3996
114,114,41476.7146703,4790.36642108,56197.1206355,6588.0099277,18956.0670813,6018.0446912,16466.6636179,3868.92829484,7354.44081735,3638.08354533,3930.92729811,1768.99569223,1927.01181639,1415.99893716,12535.7363198,3261.70402826,5427.42900096,2872.95071268,6788.73259545,2270.39258115,4013.2360686,3088.90387829,9.22808875601,5.65352677372,6368.34544394,42.623865681,58.3854559031,12.5663706144,129,1155,1214,3292,4,3,4,18578.7988927,3029.23321931,41473,4777
115,115,50900.4003937,5391.66898438,70150.0198985,7694.48396925,19987.023461,6897.78217782,21875.7409198,4763.47712826,8429.2660643,4276.91238683,5664.48466463,2264.36175691,2490.77824273,1765.64264106,16211.2562551,3947.473338,5938.48782157,3264.84241277,10008.0581925,2926.09737879,5227.58176368,5397.90762251,10.3136172226,5.24306168763,6854.00910675,54.0249665236,50.778134515,12.5663706144,260,4387,6391,14783,19,2,7,20676.133319,3081.45098084,50897,5365
118,118,25467.6087121,3129.47680324,34433.0752196,4407.71669086,12800.7377171,3929.48755795,9757.25467503,2617.61481428,4775.7111066,2355.68564202,2506.4171916,1203.3866588,1262.73128985,909.163159176,7250.83748343,2139.40198871,3512.97981675,1892.15396301,3861.86018747,1427.52060862,2373.73112628,1329.6915448,8.34426765167,5.65830892083,6463.71809164,32.4291322141,64.9445845692,12.5663706144,101,902,1063,3209,4,4,4,17647.4466811,3290.57165801,25459,3124
6,6,45921.0605532,3980.06272046,56031.3973144,5054.47841862,7194.26602938,2970.03822456,11859.5742734,2525.1995813,2380.12398174,1475.18684647,3689.39542757,1592.11129758,858.857728904,721.119629057,8170.17884585,2077.70908395,1521.26625284,1091.74822286,5946.14849508,1909.75217791,1655.07817732,1001.72193479,2.96746081902,2.35308074141,17099.9385763,16.8888226396,67.2555780288,12.5663706144,441,14004,18163,61770,7,2,44,67783.1370329,12078.1620824,45923,3983
15,15,13558.1898519,1357.53982356,19700.3577698,1884.51923869,4306.7683638,1569.0198363,7096.47552846,1265.13770184,2074.66688093,989.361373667,1994.78997276,592.561707635,635.836338294,407.788105206,5101.68555571,1085.96453897,1438.83054264,733.370920093,2678.74489326,679.277244111,632.974454871,646.6088537,4.66474497799,2.70795759853,7790.82048141,20.2809464542,23.1394123123,12.5663706144,68,399,663,1702,0,0,0,23072.7293417,3049.0816562,13558,1358
380,380,6840.27424038,556.767723828,7892.5056696,685.274937692,1927.29321833,642.07229331,2309.38387173,489.152026506,865.396427608,395.086765686,531.281915374,222.754683332,175.656069394,141.627648484,1778.10195636,407.181196226,689.740358214,315.052522989,1136.15200018,332.308049565,607.013301668,390.629023698,8.42912567845,4.43530463564,5894.89441313,27.3173191084,54.3939363995,12.5663706144,38,1042,1366,3667,0,0,0,19929.1975263,2481.10374881,6841,555
23,23,28558.8681485,2948.01264235,38743.6512299,4422.95876197,12111.5700202,3903.96720502,11245.2147354,3046.30742527,4953.62572768,2522.49023117,2894.83624023,1275.99634598,1615.77003727,992.938605379,8350.37849512,2559.32793286,3337.85569041,1930.34310612,4725.04243106,1590.87005402,2585.02931922,1630.03923352,12.2177653185,7.11948966439,5297.07961568,49.1262763021,47.524163907,12.5663706144,132,3868,5801,15289,6,2,6,21367.5087845,3589.34302499,28563,2946
32,32,35471.675654,4350.84333665,43360.3239853,5612.25549783,13798.0647811,4402.91076145,9203.1605507,2987.67654412,4182.814995,2496.49678048,2756.65573491,1469.24549556,1225.16605827,1019.2901027,6446.50481579,2355.47692575,2957.64893673,1878.30047296,4875.00051779,1987.94255681,2772.70356489,1361.46528211,8.47001444758,5.18932992753,8087.33680922,28.9893685975,65.2474840433,12.5663706144,493,8199,15295,58868,12,3,13,23736.7905327,4485.71872454,35469,4344
24,24,91697.7451159,9111.56754697,101758.784649,10625.2762281,14324.9760199,5772.5173,11710.5160204,4005.66977223,3517.6517438,2570.29088992,4071.31611294,2350.26217917,1230.17539595,1327.34070615,7639.19990743,3029.07628036,2287.47634785,1893.96020081,11684.8333565,4489.58630424,2650.45453394,1196.06416377,2.98334890581,2.5120773479,15824.7059571,10.4560804338,44.1936085209,12.5663706144,992,28126,49235,209962,20,9,67,55524.841076,8360.26831759,91703,9100
22,22,55355.3268947,5550.51319508,68742.1334285,7421.3510589,13486.7615897,5161.85025143,14694.0110856,3948.20018658,4707.85923581,2935.98540477,4932.47726153,2105.92653595,1421.10181182,1261.26847021,9761.53382405,3209.06992083,3286.75742398,2293.68793033,6919.85117472,2468.45224346,2386.51287265,2074.30133329,3.99102017369,2.71616182292,15592.4096674,31.4388867,60.1327640915,12.5663706144,564,6157,6927,20199,11,1,10,43780.6703768,5330.1348332,55344,5540
12,12,25714.08571,2361.06085951,32584.1447808,3413.63132276,9422.46426685,2936.85929477,9324.77076386,2081.91994408,3896.69049639,1718.88559929,2656.74867352,1062.29078959,1098.06097026,714.009560746,6668.02209034,1800.88949756,2798.62952613,1399.4515387,4847.98655381,1288.24394528,2001.09429508,1409.52886638,7.72997668606,4.56216497756,7116.66902257,29.4231333142,50.1511526926,12.5663706144,232,4654,11468,33078,3,0,7,21918.1108108,3223.69075182,25712,2348
2,2,44344.5681856,4449.86447294,57573.7114369,6521.44200017,13419.4228576,5045.65040285,15101.9598697,3993.10702163,5355.55683074,3105.38335069,4036.12967375,1978.0556822,1516.56596146,1311.5547983,11065.8301959,3248.88536824,3838.99086928,2379.8870736,7271.86377679,2348.0402234,3600.71180535,4165.71045564,8.40859022219,4.44018709062,7495.79831876,55.6132128456,55.7772439763,12.5663706144,386,6384,11189,27442,9,2,7,27066.0259032,4892.97018644,44345,4424
18,18,59320.516226,5577.27406816,79502.0344596,8059.18586204,17564.8818951,6454.54111275,22723.7888447,5231.7483555,7869.20731582,3993.53760878,6289.21368728,2467.23241484,2203.56705782,1550.96630922,16434.5751574,4423.08646451,5665.640258,3120.86346046,11137.7308015,3099.18739939,3886.91237696,3768.07822203,6.37945901428,3.39701622547,8677.77329696,35.7669881425,42.9073406674,12.5663706144,371,5757,10405,22609,16,0,10,26850.9175479,3904.3896296,59326,5543
1,1,51040.9006236,4497.42792269,67905.4222428,6566.82488033,12654.7172461,5145.4904985,18562.8097373,4021.17588852,5187.54731955,2962.18287367,5598.30227237,2258.45014249,1584.0823282,1278.28159188,12964.5074649,3121.37040235,3603.46499135,2150.69430441,8010.50886944,2540.09472962,2485.32733469,1849.00760601,4.3156599034,2.66179580613,8715.71574475,19.4986404559,38.1444322086,12.5663706144,256,2672,3885,9890,11,3,7,33103.0511839,4917.8360543,51044,4496
8,8,37566.3314042,3456.87701042,51300.9989399,4956.06927675,12159.9049281,4571.2978555,15519.7495737,3309.85666534,4973.2937946,2565.15048042,4385.48737441,1812.35741144,1272.91646592,952.401471002,11134.2621993,2583.17981873,3700.37732868,1974.81380894,7498.79133479,2115.18727175,2822.93674415,2868.25963858,8.24821157248,3.98169078229,8780.71893944,39.5473681163,32.5113165372,12.5663706144,163,2638,5224,12557,6,1,6,24660.3300235,3479.32202246,37556,3440
5,5,32373.5024466,2924.06342318,45071.0144626,4090.85322457,9822.17053508,3847.57706209,14120.5167691,2701.59502026,4230.05926332,2103.59756252,3825.22194325,1498.13915048,1064.94241377,772.154385387,10295.2948258,2234.15034292,3165.11684955,1702.19917678,6571.04843404,1761.48832878,1925.86136141,1111.28590081,7.53318985778,3.61450091015,8114.83386293,20.2320231651,24.6341177366,12.5663706144,127,1814,4563,10791,0,1,2,22817.9662881,3219.71083246,32365,2914
60,60,50234.3585087,5435.11026647,68126.0452554,7328.06239024,21133.8701537,6904.31205421,20828.1838798,4385.37038671,8431.67339906,4107.0169065,5426.02257369,2180.22532362,2436.30054873,1774.72842576,15402.1613061,3717.79669199,5995.37285034,3166.53532081,9869.51377712,2955.18293093,5059.05415203,4654.56620194,9.84517683097,5.20692592109,6702.41295574,43.2985174676,52.2029286791,12.5663706144,176,1863,1996,5391,12,1,9,19780.4399113,3048.62979322,50229,5411
44,44,43070.300009,3625.69689465,55711.3808976,4723.69745422,7531.97252485,2892.39432894,14280.9985604,2492.04063323,3277.56064501,1541.18847894,4071.89688055,1415.28218488,1116.31293003,752.768353372,10209.1016799,2193.64938375,2161.24771498,1080.17177714,6342.24701889,1843.86509474,1777.31122021,1888.09376271,3.12137665226,4.18179421985,17474.7226189,19.2242666893,69.0626426334,12.5663706144,320,3800,4931,13418,7,0,5,57782.0933106,9048.31089225,43065,3612
54,54,37445.3572218,3223.80853116,45539.8944849,4011.02265552,2366.06257392,1521.43629787,9289.13405501,1927.974881,592.992245707,684.620800831,2688.65969042,1125.11755398,199.873086538,312.471378991,6600.4743646,1771.32190337,393.119159169,509.764594577,4502.19021333,1601.73919442,1189.99258458,739.414491822,3.00574335556,2.15561959665,17611.4297276,14.8517063375,67.6237887192,12.5663706144,322,8686,12945,38519,4,1,10,52471.9233769,7756.39396646,37443,3207
56,56,43112.7874942,3546.54437264,53302.9434409,4867.49061944,5013.75076495,2545.09825956,11594.1847094,2815.30374828,2003.36191706,1424.71034307,3615.97570369,1715.91180801,507.987827558,628.298014097,7978.20900573,2270.28634834,1495.3740895,1141.52040727,5724.11580931,2023.34263606,1392.13476133,937.492899275,2.55019940559,1.95591168491,15611.5161366,8.35860125875,66.9870982469,12.5663706144,368,16218,24371,87348,8,5,25,62866.0578351,10404.3645032,43111,3540
83,83,67410.7048836,6211.4732628,81846.6784731,8217.11754433,13777.4635352,5447.14788571,16873.8533736,4275.59020627,4596.92285436,2796.31164528,6299.64441621,2636.06543781,1667.07605005,1350.17699855,10574.2089574,3389.8721982,2929.8468043,2001.58853226,10114.045524,3321.32020339,2919.81499212,2123.55438067,3.71084923347,2.7580347314,17288.114498,18.3289574915,56.0431124521,12.5663706144,418,15393,18637,61523,17,1,25,49735.3067266,8200.12591417,67412,6212
46,46,44541.800817,4293.59392609,65188.2630165,6250.23436739,17242.9642826,5930.31471577,23057.6739099,3759.96602981,8043.08440781,3615.72241231,5720.71349263,2022.61659187,1962.88668421,1336.01117246,17336.9604172,3365.41086834,6080.1977236,2940.33220881,9555.72570574,2590.30445839,2243.82929956,2935.19168611,4.98057138061,3.12945317833,6412.13826894,28.6776702045,29.2386001373,12.5663706144,149,1438,2173,5288,8,0,4,22352.5001892,2702.86860852,44536,4287
45,45,28273.4529828,2974.81076297,40826.3332581,4473.02398293,12413.7241947,4031.20260912,13997.3278126,2778.82285341,6182.95873323,2539.26934865,4016.98231826,1472.26671629,1906.01291192,1094.43223274,9980.34549429,2305.98114287,4276.94582131,1949.15177144,6150.39181908,1730.51107505,1117.58085638,343.262357395,4.49890580119,3.16565134915,6757.6830202,4.17026022235,48.2263185257,12.5663706144,97,1106,1528,4130,8,0,3,20461.2945265,3108.5342699,28270,2967
52,52,41555.5188194,4125.82578478,58950.0708958,6119.68858918,15541.0700085,5574.15806334,19602.5389347,3921.82310091,7360.4685715,3475.57679968,5361.44627053,1899.29067556,1765.67370918,1242.76421022,14241.0926642,3369.14249905,5594.79486232,2861.54357825,8744.86488104,2367.6444959,1780.11003377,2152.08107423,4.63770810337,3.51807710995,6731.10495608,21.6610614167,33.9404267156,12.5663706144,164,2227,3857,9358,8,0,4,22933.252049,3215.08895229,41544,4116
352,352,36316.7803292,3360.54094874,52881.2436587,4882.44685736,14043.647336,4635.69073659,18542.1191506,3031.84973786,6381.97973758,2775.61461868,4551.08981092,1676.78137773,1624.65906639,1046.26427439,13991.0293396,2679.75805728,4757.32067119,2211.47287643,7559.94965031,2000.53061407,1863.16145483,1653.42681535,5.17762307914,2.9132361175,6869.07021449,20.695932374,25.6133615172,12.5663706144,140,1698,2932,6876,4,0,1,22527.422507,3028.90288679,36317,3363
42,42,38298.7083753,3900.60691098,50919.5447239,5540.9539121,15259.8947787,5429.42843521,14741.355241,3728.06759894,6572.2457691,3454.51460319,3673.5357659,1668.10204494,1787.9253208,1366.75412211,11067.8194751,3311.08221687,4784.32044829,2771.32164309,6830.20466397,2243.05945239,2952.90247672,2393.29909306,7.75849062476,4.29569974993,7068.18798151,34.7138114769,41.0530590702,12.5663706144,121,1742,2097,5457,3,2,4,23257.3174372,4274.02807604,38301,3891
58,58,93027.1378773,9278.62886596,103804.454491,10866.8525188,15062.1994344,5963.32167354,12219.1326227,4156.64024797,3813.49825842,2753.80445361,4417.91870049,2477.93348025,1266.79541217,1379.82640877,7801.2139222,3130.76448,2546.70284625,2076.2308851,11728.9388232,4560.81557608,2742.08859514,1356.04797426,3.00377024349,2.45414857023,15516.2360222,12.2786614324,41.0629332442,12.5663706144,1029,27760,47751,201302,18,11,63,54241.5754728,7990.88767915,93035,9269
49,49,62634.2215925,6054.49783333,83802.8957346,8694.48141608,18090.9854902,6770.27736501,23995.0626531,5595.58030069,7959.28231901,4186.50308556,6749.59617522,2736.93018042,2386.81141666,1747.99612354,17245.4664779,4621.15442124,5572.47090234,3178.11792364,12012.0922323,3374.72037057,4596.6909126,4891.42073316,7.37124733372,3.78510359129,8025.66892764,42.7935260466,44.0431881682,12.5663706144,411,6633,10671,25030,23,2,13,27086.5796202,3878.28080818,62640,6030
163,163,29793.1548063,3416.36407524,39477.9582019,4783.0456762,11989.0902319,4173.06580581,10705.6980774,2849.50215362,4706.57644135,2595.76717672,2606.40284765,1365.32055974,1227.68520385,1051.59429146,8099.29522976,2303.00716984,3478.8912375,2021.62775134,4633.48607637,1710.64666843,3125.57478183,2628.66095527,10.4391199112,6.3451618069,7962.06868856,49.0352910391,64.8817437537,12.5663706144,180,1883,3186,8082,6,4,2,21139.1714936,4040.7000141,29785,3409
178,178,39233.3246471,4459.03030243,52202.750204,6028.97302525,17610.6777931,5518.83180138,14902.6581384,3537.80939849,6616.21943151,3236.28720526,3600.78502666,1606.18378513,1717.75817099,1257.01101241,11301.8731117,3027.91908729,4898.46126052,2617.09532822,6706.12549538,2210.35362264,3760.30450959,2598.46887489,9.48582071419,5.48938829131,6042.0573498,32.9012392099,52.9634020264,12.5663706144,116,1301,1438,3884,6,3,5,18912.9439365,3223.39610509,39228,4455
185,185,27707.6375046,3380.26433184,37650.4426241,4775.48502904,13697.9061495,4408.70201359,10774.421617,2816.05263846,5309.79720101,2665.33529568,2641.69854212,1270.16911707,1349.25149828,1010.60066363,8132.72307485,2330.07074462,3960.54570273,2126.2339043,4169.49150566,1566.35146419,2675.11278406,1770.59966002,8.53264138357,5.87578605261,7060.2589144,41.236056304,64.1675563224,12.5663706144,107,807,1041,2931,4,4,4,18435.534151,3623.97145772,27707,3373
189,189,44388.0505074,4858.62468745,59373.8665322,6502.56254048,19028.6220231,6265.62774266,17626.7407668,3858.9887333,7498.72932048,3696.96521557,4403.40501013,1871.07998231,2131.06673372,1564.49102603,13223.3357567,3427.0123563,5367.66258676,2918.66248041,8475.89988991,2653.76381352,4338.98828783,3617.27866066,9.50926318061,5.17678071837,6900.79353159,34.4946840765,49.7441843238,12.5663706144,156,1609,1934,4985,8,1,7,20130.2244731,3658.06628024,44386,4842
191,191,26104.9983745,3136.19557832,35182.8202548,4466.06038169,13422.8271681,3872.13689628,9969.18908786,2691.490565,5056.02649463,2326.26417025,2580.59069407,1222.68349278,1376.0108412,935.990675148,7388.59839379,2171.87145746,3680.01565343,1847.66065712,3950.10477714,1430.02443863,2327.01626176,1306.89996027,8.48071980604,5.43273301109,5945.03611794,31.0590376312,61.2105670398,12.5663706144,87,685,865,2750,4,4,4,17201.9040218,3085.27447566,26100,3131
121,121,43709.7816097,4222.94512784,59196.8075929,5979.79925209,16007.0451595,5680.2666161,18178.515223,3985.92564753,6959.10251295,3501.56756082,5311.48603559,2101.26330157,2147.78146301,1525.69126431,12867.0291874,3307.20859838,4811.32104994,2633.54435993,9330.60753768,2689.48387103,3935.4088994,4665.23187836,8.62685208253,4.04181419701,8410.02313922,48.8064522213,38.5470835531,12.5663706144,153,2353,3017,7929,6,1,7,24216.0865628,3612.31368225,43710,4213
133,133,54296.6467057,5307.99849878,74635.7647353,7555.82628957,20335.1299759,7069.79435071,23713.0601881,4930.720473,8932.78059096,4332.13276269,6830.62520845,2580.74008243,2865.70346822,1954.13540528,16882.4349796,4065.40505122,6067.07712274,3210.31661188,11840.8159397,3285.81953502,5140.60597525,6059.04978069,9.25813265542,4.27536095652,7947.91158587,49.0380494398,38.5003149219,12.5663706144,199,2409,3112,7604,10,2,7,22941.1868354,3171.29165607,54289,5278
205,205,52677.3384771,5401.82654125,71861.1894219,7484.48816518,20147.9730606,6850.69696727,22369.5998246,4671.54505116,8410.29429435,4155.09972612,6013.33839883,2349.33200223,2503.98516841,1811.88590462,16356.2614258,4011.60497535,5906.30912594,3203.96368582,10833.4660401,3132.37203457,5309.48012062,5457.23336261,9.84255782271,4.83030916603,7064.95199833,46.7258693595,46.5512960075,12.5663706144,193,2063,2292,6012,12,1,7,21142.6136428,3121.25423483,52666,5375
233,233,47067.119994,3972.24898315,57803.4365238,5354.5133579,5194.31396406,2643.43163748,12127.1044085,3035.17037305,1956.75112937,1477.09717172,3811.98134421,1820.97752069,515.493563885,647.258983845,8315.12306428,2473.78392069,1441.25756549,1149.19940627,6298.61795839,2269.11357159,1621.79370722,924.394147029,2.95360652074,2.15432168395,15637.238173,9.84019343205,65.9405640247,12.5663706144,366,18281,28077,102645,8,5,18,56275.6762598,8674.89637955,47062,3967
120,120,44764.1718654,3990.60490489,58362.7846229,5200.99424093,8916.52930491,3430.59248277,15396.1711559,2737.12897048,3704.02039592,1752.33456326,4615.67596889,1568.13060328,1275.56311199,838.782451417,10780.4951871,2283.62761586,2428.45728393,1211.60507012,7267.0958731,2027.88716948,1855.90775032,2081.99720408,3.49079444501,2.55387672029,11491.993313,18.2591300083,67.1315348227,12.5663706144,345,12996,20314,55250,21,0,16,38820.9454589,4666.57033664,44766,3973
135,135,39855.2694213,3506.36130371,50041.4169625,4458.60491356,4062.4929049,2155.48715749,11620.0647043,2250.99530617,1324.91878082,1016.1644681,3543.02119616,1355.42399005,485.807750357,492.98006177,8077.04350809,1981.85099398,839.111030464,708.427411845,5274.15357452,1743.67120399,1343.14068643,1279.89971498,3.26092206617,2.32838871371,15292.0178997,19.1310000603,65.9802278681,12.5663706144,340,9329,12915,35767,8,0,16,45939.1544283,6568.5980474,39853,3491
148,148,37560.3766347,3194.13043171,45059.4479532,3950.0457426,2255.71888566,1493.83767285,8715.53169428,1941.86957206,559.360357126,733.540651585,2540.38447835,1127.66598197,162.375127896,303.945743078,6175.14721593,1733.10421535,396.98522923,556.298505575,4597.25274872,1661.33813257,1123.64539711,542.041966804,2.89864328582,2.13590882129,17079.8535918,12.4040196051,65.7053508909,12.5663706144,332,12568,22010,79150,6,3,12,52980.8994737,7855.21147978,37557,3183
182,182,34126.0446997,3053.78613521,42941.6150216,3837.50824163,4036.61996922,2086.71038294,10118.929529,1924.54049874,1423.67618482,1017.56291908,3187.93422519,1247.03639091,524.073876342,493.701383133,6930.9953038,1683.98205542,899.602308482,693.1714304,4815.95764789,1541.18510825,1097.90095825,1248.48861933,2.86027300797,5.77499240025,13459.9932244,17.0867738183,64.0006941818,12.5663706144,333,12026,18353,49602,14,0,15,37619.7672815,5022.87549633,34129,3042
193,193,27909.6283699,2270.64033201,33636.8996591,2816.25255649,1272.55115948,821.891556377,6809.38705438,1314.76688985,160.746423198,311.573825236,1620.47685895,827.477108852,35.578845478,205.418500111,5188.91019543,1174.70366633,125.16757772,273.10485679,2543.67146826,947.631346922,587.94834964,293.88085332,1.96147355524,1.74832742098,19291.9163868,12.8361932963,79.7837929876,12.5663706144,400,6676,6967,24968,1,1,37,81300.257026,14242.1940715,27906,2267
224,224,35023.5064658,2851.76020074,44282.9010598,3697.10409618,4244.46214173,1825.00219668,10516.8112823,1887.96296059,1619.0024675,915.726303818,2992.70455154,1087.10174344,559.185614762,482.320659186,7524.1067308,1723.49685198,1059.81685274,645.99236078,4458.06293275,1369.30395885,1279.00671856,1233.47706008,2.80852281379,2.84625217982,19423.656647,17.7918361931,76.6640652353,12.5663706144,328,2549,3244,9550,6,0,2,65854.1573375,10657.5515562,35014,2843
230,230,34777.2046472,2991.70910658,42965.7087361,3803.18055367,1949.75901879,1411.96012664,9373.6908827,1847.14535344,534.775725764,659.841709567,2668.20347007,1090.99257472,196.555304432,321.335587794,6705.48741262,1691.43168379,338.220421332,487.340959113,4006.23338787,1442.73586915,1127.92700877,836.223457092,3.01354210129,2.17398798178,19407.9189903,14.7873151145,70.9210450817,12.5663706144,321,5763,7906,23899,4,1,10,55524.807167,8756.89855482,34772,2971
195,195,36926.9053002,2997.78645759,44887.5048927,3672.03332581,2684.55411041,1542.67623941,9231.52779289,1774.5213027,512.943052342,634.347200039,2504.61117047,1220.46482604,169.067557477,360.329848094,6726.91662242,1485.56988375,343.875494865,478.07263328,4031.81282213,1346.664593,924.021050033,693.247010078,2.34907017166,2.08145271574,20263.2386217,20.0679268598,74.8482989606,12.5663706144,452,13897,16931,59778,4,1,42,77950.172376,13782.3473592,36925,3000
176,176,67094.5170158,6188.89216202,81534.6358141,8196.91651827,13692.8423942,5417.59874937,16842.5763257,4270.26411265,4583.14535378,2789.08137552,6260.50300664,2628.11476816,1660.20883554,1344.24079459,10582.0733191,3386.94812864,2922.93651824,1999.12705494,10021.7064308,3296.34913865,2906.81572611,2107.10077484,3.71008678349,2.75670944185,17182.8468472,18.1909730465,56.1607546126,12.5663706144,417,15983,19326,63615,18,1,25,50184.5443104,8278.51395419,67095,6190
286,286,60680.813125,5587.66749925,74940.964482,7492.4610605,13476.3075665,5244.13917441,16235.6737699,4099.72097734,4910.94560834,2903.30516999,6078.00157048,2407.40091198,1871.83597306,1395.19078583,10157.6721994,3333.3447914,3039.10963529,2060.31077466,8917.50234698,3008.23408888,2904.8352905,1848.05135388,4.02489358242,3.07155431203,15663.0231111,14.1369533056,57.3989408152,12.5663706144,358,14716,20174,66064,15,4,24,49573.8315058,8073.70923424,60688,5589
141,141,62098.395179,5711.74281852,76132.5625524,7605.93718844,12983.2748602,5072.80526959,16312.7557323,3948.45383445,4392.38066445,2550.93085235,6198.31247801,2463.73575708,1610.00586385,1252.07677396,10114.4432543,3164.27241298,2782.3748006,1838.27396339,8817.10789107,3039.86050756,2681.12147779,2031.7297353,3.32817311819,2.57468355407,19098.2347,18.8669209919,62.4139219803,12.5663706144,376,14990,17795,58712,16,0,24,51177.3975462,8118.8904518,62096,5714
101,101,45031.7015722,4507.16906839,65389.099687,6766.7532364,18788.5205942,6274.93527928,22658.4687022,4200.11299192,9094.99907826,3928.99731828,6186.88937057,2225.58530093,2468.07797872,1541.43663772,16471.5793317,3647.39254724,6626.92109953,3153.66072169,9884.13937567,2722.63891928,2009.27030854,2094.72709234,4.46127851085,3.10070076068,6849.0589228,19.7534569186,35.0726960449,12.5663706144,166,2147,2762,7236,13,0,5,22361.2339768,2937.76665627,45026,4501
104,104,37455.4281551,3466.61861891,54255.0190383,5120.27413579,15424.5332063,4992.81847835,18777.9076831,3168.20483413,7118.94201546,2993.76523998,4558.39096914,1622.06590581,1831.55274695,1104.72392473,14219.516714,2820.17876067,5287.38926852,2395.10477455,7731.94911363,2100.1536623,1781.1355651,1619.14828925,4.55563504393,2.745511499,6732.91444518,18.5873389127,26.1445955569,12.5663706144,156,1688,2731,6982,12,0,3,22404.7151356,2803.43988985,37451,3452
110,110,50127.7620074,4872.43435744,72411.4215623,7239.5749186,19291.1616308,6663.20464467,25122.537405,4528.42827327,9194.1416415,4215.46940645,6514.54893883,2294.43195031,2187.35783914,1503.28209501,18607.9884662,3945.66654087,7006.78380235,3440.71128352,11105.0584826,2975.46581633,2321.30022213,3140.4282759,4.60569677523,3.28200129663,7128.72029428,28.3204413905,33.6808472274,12.5663706144,185,3003,5354,12841,11,0,5,23033.1928962,2819.12254336,50125,4865
276,276,32166.0382855,2941.16343424,46762.5890147,4259.22869903,12815.7177304,4096.66077112,16261.0379303,2659.40873483,5795.81838144,2427.70213381,3954.46869579,1437.27165898,1462.47728946,896.904404328,12306.5692345,2359.86661766,4333.34109198,1952.28423473,6513.33471178,1742.76017908,1502.78102824,1213.31787243,4.681816366,2.70612356847,6817.46437849,17.3390652168,24.4411414799,12.5663706144,129,1781,2862,6408,5,0,1,22807.4499751,3015.86120678,32161,2939
137,137,31478.3755772,2875.85697404,45886.1157141,4196.92303584,13137.8445281,4141.59222008,16028.4580985,2624.07341871,6084.17601939,2470.2635025,3893.36728041,1378.1327296,1580.50716876,921.885504957,12135.0908181,2325.11466518,4503.66885063,1988.05133945,6413.33866635,1750.13869529,1287.85874857,898.452532234,3.77998712784,2.44448656969,6283.73132189,11.5764404523,26.6447672925,12.5663706144,129,1486,2228,5803,8,0,1,22738.1301301,2861.92794085,31476,2867
156,156,42217.2183809,4273.61841838,60981.5293113,6444.64128845,17381.8583102,5841.17692986,21039.5737313,4076.55043819,8492.39753165,3725.03653811,5833.72095733,2080.50535663,2271.28493608,1440.97536007,15205.8527739,3490.80129331,6221.11259558,2998.0582885,9371.46440219,2539.36935386,1846.7725194,1928.04368331,4.45876288232,3.2877423468,6895.25299691,18.7208567378,36.5958522896,12.5663706144,159,1850,2730,6999,10,0,4,22148.3385791,3039.32965395,42203,4264
170,170,22405.5608774,2053.31167857,32357.5857988,2805.78347679,8286.07534659,2638.7480151,11045.0024047,1751.66321055,3597.16804569,1542.8427112,2883.58199365,1007.30147485,902.238608475,570.688947295,8161.42041102,1520.43514147,2694.92943722,1237.38526737,4442.47114273,1176.30811032,972.586913463,685.949313304,4.85786887578,2.67379183453,6582.9220734,16.4825417583,25.7891598145,12.5663706144,102,947,1400,3432,2,0,0,23597.1551222,3015.77990247,22405,2052
180,180,38886.3527564,3806.93564154,56006.9063408,5636.55466818,16378.4521723,5292.08672898,19219.5080961,3443.237807,7741.63391552,3212.10737824,5017.54288413,1793.71674032,2199.48102954,1263.1671118,14201.9652119,2988.01189514,5542.15288598,2513.44353997,8458.93956183,2314.94154477,1676.68946056,1316.29827525,4.21986138038,2.74368495458,6888.80763782,13.5298549791,32.8269113148,12.5663706144,154,1861,2491,6573,15,0,4,21890.733524,2890.46714318,38886,3790
237,237,41161.7965582,3970.87610183,60278.0657749,5769.40859721,15337.0340337,5428.499151,21323.4255309,3459.4203548,7163.83558062,3296.66011683,5325.98977051,1914.32360083,1762.41311204,1233.51034798,15997.4357604,3086.59963805,5401.42246858,2674.04819615,8746.05766531,2358.73329113,2118.80592462,2506.32411625,5.12480469721,3.13193864009,6620.68722579,26.4385841959,29.0832066554,12.5663706144,141,1623,2608,5948,4,0,1,22674.1714927,2802.82133174,41159,3967
234,234,28541.3905241,3053.59076994,41559.2830555,4648.33740366,12678.8731026,4167.90251094,14433.8824019,2927.14968375,6452.53562838,2680.35918242,4301.26214494,1561.82004999,1947.6369102,1139.42080603,10132.6202569,2435.16897641,4504.89871818,2105.08705996,6273.30719819,1738.29757043,1184.98470861,398.465087239,4.55771837043,3.46598707495,6529.72048874,6.33360029155,42.9614459092,12.5663706144,98,1281,1599,4387,10,0,3,21020.1345271,3335.64514802,28531,3049
161,161,33928.1545273,3540.59346019,49149.7494672,5371.38287579,14670.1297997,4813.09143339,17018.2555698,3415.53731895,7358.29256664,3097.50399049,4921.80466859,1763.31499815,2123.1917858,1263.64593822,12096.4509012,2872.79538533,5235.10078083,2456.77967367,7528.8456899,2040.57612733,1460.6123478,898.780947605,4.50811621282,3.40935865439,6673.03265736,10.7388521769,39.0007871729,12.5663706144,123,1483,1765,4135,9,0,4,21574.0466507,3261.15854541,33916,3531
207,207,44498.2449199,4377.93427646,63494.7808949,6501.83998313,16849.7802357,6004.18613353,21403.1612926,4157.57291883,8016.35110818,3774.77562189,5873.28020443,2060.73149772,1928.49827936,1359.33191788,15529.8810882,3579.13223386,6087.85282882,3096.46637182,9541.81217041,2588.51321601,1934.38163596,2489.32227639,4.60952588129,3.45953675177,6791.2858705,23.792510464,33.7958153165,12.5663706144,177,2265,3969,9910,8,0,4,22898.518747,3127.80738282,44485,4365
222,222,37586.5728028,3453.96264939,52091.7044726,5337.37629416,13013.9840391,5105.60800846,16352.5224382,3596.32880386,6182.01825126,3112.49118403,4461.1714139,1690.99799917,1624.83548103,1131.81971109,11891.3510243,3044.50902696,4557.18277022,2502.41178892,6808.23015429,1952.77357573,1722.50178379,1551.16822801,5.03015291332,3.66032884259,6639.4802568,19.232054803,33.5548677868,12.5663706144,167,3411,5708,14289,3,7,4,24276.1844709,3802.59633796,37576,3443
303,303,39335.92168,3977.25209677,55889.5969366,5946.28350339,14899.5063195,5272.24667182,18711.457134,3807.09796977,7107.22566254,3335.12039832,5161.64559811,1817.43926467,1731.24177812,1199.60249425,13549.8115359,3249.21202379,5375.98388441,2727.38486502,8601.55778778,2286.11610043,1683.6867981,1939.90785529,4.56460540604,3.45684848498,7018.81448995,19.9033029671,35.4837236612,12.5663706144,149,1815,2484,5828,8,0,4,22308.1037066,3123.37930052,39324,3968
119,119,44739.7389939,4004.74249102,55093.3338513,5015.99192995,4641.80269139,2429.45253876,11924.5283,2498.69283023,1546.71277555,1210.06662325,3588.94347975,1515.17867725,460.515754101,500.282584756,8335.58482025,2238.63878483,1086.19702145,912.529101288,6289.93232467,2062.70873916,1530.26959412,1270.3644844,3.25516100962,2.69147739404,14485.44892,19.8027222519,61.2663188423,12.5663706144,319,9314,13707,36727,6,1,9,41659.1945068,5636.82107209,44739,3998
279,279,48928.4169814,3688.89166764,58891.0265597,4714.14862654,6271.43283539,3384.26838667,11376.8330998,2873.33235398,2030.76327322,1720.13001519,4152.68517588,1827.65599098,778.782624187,766.334473323,7224.14792389,2248.78794315,1251.98064904,1200.98497573,5858.2566522,2127.47060427,2008.68842767,1252.24212882,4.03714130904,2.57444143983,12487.5573822,19.4945158482,42.9194305593,12.5663706144,309,12099,18317,60332,1,1,8,41935.7373746,5353.75104672,48931,3684
304,304,44931.9210381,3881.53346394,54274.7024982,5116.07095874,4856.0115904,2653.89374042,10462.0599924,2809.66876351,1681.66436255,1321.44448154,3407.78231387,1684.56066608,685.196861939,684.095078168,7054.2776785,2169.51588381,996.467500607,891.981322032,5941.02989172,2179.26115085,1683.40915932,1122.77139976,3.47957182363,2.48979804915,12593.9258752,18.0773234493,49.2016532297,12.5663706144,324,19461,31833,111347,5,2,7,43484.910935,5258.04581735,44931,3884
154,154,54227.8879006,5184.76075259,73781.3985965,7611.5795089,12879.2294352,5981.51547279,21710.7941875,4539.10655065,5291.58051013,3297.45098332,6653.7124002,2646.14616572,1440.13346199,1314.73972835,15057.0817873,3641.80226526,3851.44704814,2554.37786961,9834.55113427,3099.99986317,2803.86309293,3050.86028269,5.20102218574,3.17899306321,7368.39869338,28.5263974576,36.4256687251,12.5663706144,211,3407,4146,10111,5,0,5,27459.2732337,4105.76284992,54232,5185
126,126,7070.61179503,575.856125551,9729.65651606,718.055070624,1552.58310794,657.006852572,3208.50626319,469.346365323,746.246703789,388.878709622,735.215073333,206.473247485,211.563652028,128.659141507,2473.29118986,435.934831599,534.683051761,286.54811825,1091.11960771,269.41475789,362.007097883,219.276427739,4.39312997841,2.36577364752,7298.33752119,19.1219235775,24.6648484676,12.5663706144,50,837,1227,2580,0,0,0,27714.3275731,2672.8399316,7071,576
208,208,4730.02019736,375.753430374,6072.78325851,512.319597747,1045.96147971,446.460223449,1999.23739263,332.602531235,470.807148436,267.817104487,490.490194703,149.435675798,127.607390346,86.2004303074,1508.74719793,295.548034236,343.19975809,206.356793945,708.282227155,185.131147104,193.693133849,123.939352324,3.20747422835,1.84688176059,6316.69186894,15.7848262432,19.52088751,12.5663706144,49,820,1230,2591,0,0,0,23694.8232307,2522.83020373,4729,376
244,244,10059.6882764,929.254203162,14342.9126799,1236.26735577,2962.10314381,1134.32627661,5038.2843229,844.03570651,1476.62699212,687.955815831,1269.86393087,366.625250327,437.535530003,256.16540406,3768.42039203,753.164549427,1039.09146212,513.052410652,1765.49648266,448.851855133,429.153824325,379.171915386,3.90539591908,2.38113801132,7273.57996984,17.1602131883,25.5147894899,12.5663706144,64,947,1511,3316,0,0,0,23071.9850358,2430.57372611,10059,930
173,173,39160.8993996,3651.095952,50067.5874717,5410.27034676,12457.5291142,4299.05998862,13285.6891955,3337.61691821,5105.4318104,2587.34202721,3894.82815045,1681.07316971,1469.27108552,1052.64480561,9390.86104503,2852.37755999,3636.16072488,2077.73048916,6949.37519417,2006.39271291,2701.14170876,2480.9227462,6.77558026844,3.85869362006,7213.96563126,36.4148737494,51.1651589233,12.5663706144,366,6415,13118,31632,7,1,11,25739.3766911,4215.84913392,39159,3635
194,194,40410.0227183,3788.30500924,48918.6209369,4748.26523626,4953.0312556,2900.64663132,9683.17797078,2347.11979966,1091.43470306,1149.6210624,2671.38829029,1287.01913874,448.476568746,640.471787461,7011.78968049,2050.82615217,642.958134313,733.937417003,4682.79697804,1733.111946,1222.10724523,731.41727228,2.47062322378,18.5674164707,19570.849235,15.4519845577,54.939646695,12.5663706144,466,7426,11944,49817,9,0,27,49305.9127474,7929.81242138,40410,3790
107,107,42331.0422327,3786.50921507,55467.5534745,4985.02922332,9783.77613133,3682.80866,15137.6131918,2710.59100307,4167.33949904,1936.2254533,4359.03533913,1444.13807769,1436.90237536,898.053386592,10778.5778527,2232.63590106,2730.43712368,1359.83793371,7304.37726444,1968.52943741,1998.54035733,2307.03927042,3.59008221575,7.75157413439,9062.2079078,17.4509174985,62.804841341,12.5663706144,306,10434,15611,48724,22,1,11,34498.6995213,4026.90037343,42329,3780
13,13,31101.788135,3423.77727825,40484.7920197,4827.20417752,11357.506118,4036.87138834,10550.7624991,2875.56662669,4369.08061374,2504.04803056,2661.47538503,1401.1158502,1150.23935176,1004.78891538,7889.2871141,2318.03586043,3218.84126198,1949.67909845,4960.65334204,1763.07905357,3100.04933868,2880.23863848,10.0295505694,5.93950928676,8142.93026271,48.6951982792,65.3671315911,12.5663706144,248,4181,6814,16613,8,3,6,22371.9696382,4321.79644065,31093,3417
16,16,47694.8001805,5078.49695242,64282.9360998,6862.69308398,19781.9561996,6581.35200502,19461.2050632,4144.91182624,7934.62300889,3911.24804319,4998.72942485,2067.92261005,2290.08430779,1677.97228489,14462.4756384,3635.24857167,5644.5387011,3069.09662808,9331.93857704,2841.48201984,4629.23338504,4176.53351796,9.43189448398,4.96500204105,7010.90165765,38.0881500672,49.1827387901,12.5663706144,178,2087,2293,5972,12,1,9,20519.2298598,3451.11427219,47689,5054
7,7,41491.834843,3462.87251283,53508.3262689,4506.64503991,6980.94776194,2686.23403593,13587.3431471,2372.32871715,3012.56196898,1423.03510754,3876.2421783,1349.66467131,1020.08951637,700.433918979,9711.10096884,2101.42659953,1992.47245261,1000.43273422,5994.6126711,1751.99819589,1673.64664691,1753.21882781,3.03902587462,3.98823589557,17901.3994746,18.7702643464,70.8378711755,12.5663706144,320,2895,3756,10670,7,0,4,59710.128756,9431.7951777,41486,3451
21,21,41296.19675,3491.12252506,50369.975334,4495.6584322,3897.95218621,2080.7205394,10414.3545393,2431.08630048,1376.36487333,1143.07359952,2967.05778266,1413.49010069,321.881200287,462.616142721,7447.29675666,2100.83220599,1054.48367305,911.7559502,5415.2605315,1887.98143059,1341.10708296,786.242118688,2.88094254382,2.11699559432,17035.7817537,9.93451607926,68.6261052352,12.5663706144,356,17024,25061,89817,8,5,18,56690.7899399,8935.62221148,41290,3482
28,28,65831.6748517,6054.96047121,81105.1122515,8009.26678936,14452.2934763,5616.55492821,17299.5062035,4293.01814908,4993.43783107,2935.48364972,6718.37187673,2682.27051339,1905.19137342,1482.77905819,10581.1343268,3417.3248801,3088.24645765,2037.40409112,9446.09623822,3278.34706735,2947.75432054,1982.47596833,3.77954959964,2.87872075678,17038.4122029,18.7769214285,58.2724397623,12.5663706144,364,13016,16347,53614,14,1,23,46411.7738521,7426.21696621,65831,6055
14,14,51034.2314587,4943.5922345,74151.8096566,7415.64501232,19843.4587091,6848.12919028,25861.431196,4610.68617791,9409.27505067,4305.04147786,6775.97625503,2381.32791396,2308.18717012,1563.13765962,19085.454941,4031.1539895,7101.08788055,3493.50891835,11224.5915716,3042.3166255,2371.98565871,3080.95803352,4.62549021594,3.2139944155,6775.67881303,27.6028681687,32.4824282828,12.5663706144,172,2321,3570,8303,12,0,5,22876.6751659,2799.65122692,51028,4939
17,17,29336.6757945,2668.58882492,42831.7857606,3854.2828118,11899.4974696,3758.83434164,14968.6915259,2400.94489504,5437.39883892,2221.18159125,3632.19880119,1282.44600046,1386.33584795,818.835459238,11336.4927247,2132.65479706,4051.06299097,1805.67958441,5908.28306915,1607.22682899,1149.445951,786.168698561,3.67215144829,2.35735138793,6273.70854858,11.6060393467,25.3178982115,12.5663706144,122,1382,2170,5672,7,0,1,23085.8397471,2893.8712931,29338,2663
25,25,42647.224214,3714.21555587,58945.3117355,5744.03498315,14441.6722403,5611.90291303,18388.228787,3954.72092119,6882.08087177,3453.73027294,5146.88296143,1997.37901934,1900.39932978,1354.07698872,13241.3458256,3225.31241113,4981.68154199,2649.99841331,7976.15743926,2232.50125932,1779.94610062,1870.35497035,4.37911954486,3.22741846415,7050.73814491,19.8566522213,30.5576372394,12.5663706144,187,4630,7844,20045,7,7,5,24967.8578174,3699.6882076,42636,3708
9,9,18749.8560256,2621.6473308,24948.3611295,3726.47160607,8479.59087218,2950.26203707,7008.60299141,2250.84290921,3155.61311465,1784.81291856,2101.66643519,1027.76989776,975.907606334,751.28583011,4906.93655621,1713.40470898,2179.70550831,1299.55100647,2814.06733439,1282.6678772,2086.04709771,839.231209853,9.2528992712,6.18697802371,6085.08208555,26.7262142836,56.4794124953,12.5663706144,137,1397,1681,5355,5,0,2,19031.2517409,3784.04624674,18745,2612
206,206,42781.9654367,3495.9151517,55525.2437393,5204.54486686,9776.00008392,3952.30417163,13747.946857,3232.5031785,4013.36819811,2296.76283808,4591.26015374,1784.87411935,1404.5797864,1006.84065728,9156.68670328,2512.04590698,2608.7884117,1657.38427661,5767.29302937,1931.9729,1716.06900388,1760.81407383,3.19614892178,2.33984077869,12141.942292,21.3704740334,52.3428300901,12.5663706144,276,3715,5136,12959,8,10,6,42953.8126445,5419.75233119,42776,3487
263,263,23231.1634827,2880.21584539,31516.925797,4116.1949017,11579.4683595,3816.50885616,8919.62733049,2433.62431467,4558.51615986,2294.27110308,2215.30047323,1075.80190851,1175.2425022,876.748206002,6704.32685727,2004.73135909,3383.27365767,1831.64732573,3494.70881498,1375.655337,2255.25430466,1445.58268092,8.4946699699,5.92435679912,7273.82723014,38.4704608917,64.6158132846,12.5663706144,98,753,1144,3189,4,4,2,18567.8311681,3629.42268464,23229,2873
51,51,36946.709869,4335.36179187,50261.0264118,6030.82650114,17257.8259725,5514.09232874,14683.6056575,3550.73562628,6723.55261643,3349.75364493,3485.11719009,1610.41015331,1739.51875108,1292.98741426,11198.4884674,2968.73532979,4984.03386535,2635.00311722,5804.70816303,2010.90270962,3534.83997352,2697.31345253,8.70308389283,5.6409103405,6632.72222952,44.5735535371,61.1164086588,12.5663706144,127,941,1097,3112,4,3,4,18492.5810892,3344.69548294,36946,4325
273,273,46247.3245743,4467.29807642,67450.4801697,6598.75328687,18220.5138817,6212.38617701,23666.7537543,4004.26828123,8486.20433142,3800.68959707,5975.87689807,2122.87903438,2108.21843901,1393.0343028,17690.8768563,3557.03227158,6377.9858924,3083.74988139,9905.62649682,2723.7460382,2249.70590668,2909.24224172,4.85327051463,3.09079040643,6520.67094599,28.0699318691,29.7678616501,12.5663706144,169,1859,2407,6092,12,0,4,22425.4247038,2742.86240964,46235,4464
